id,customer_id,created_at
145120140c0af880,8a865abb5b704c07868a168d36e74c9a,2024-10-29 00:12:32.43557+00
ad7452e42a08e5c0,fed5cfd9baa14f20bbceaef5d6d36500,2024-10-17 09:13:34.908107+00
0285b5656017271e,9b644fa052ac476999786e9bec10acde,2024-11-06 21:28:44.808359+00
651a7d95db717997,2b3cea0c8258468d96088e6f8b930323,2024-10-17 09:36:26.144231+00
76cd86aa8d074e2f,9568bcaa7e994d39a81547888cf10741,2024-10-16 13:24:53.354861+00
8b927b483d7277f6,c52769ad667f4ccea98ad1adf93bb33f,2024-10-24 13:35:59.55201+00
82f1ec2f204d5dfa,423de22935cb4814936a4b02d852abc0,2024-10-24 18:07:28.966256+00
b885c3660635f83f,d6246c761a6d409fbcefaca7e6152b6b,2024-10-24 21:40:56.590156+00
1721abc192fd3c9f,86c232d3e08c43bcb77d575f822b7f1b,2024-10-25 08:41:44.715414+00
3a2a1c6d3fb7a010,f922199ec7f34febae7c066316c20052,2024-10-27 19:41:43.634818+00
6e6283f6a7722f39,798bcda31bbb40c8a0beb4edf757c671,2024-10-20 05:35:52.06208+00
af5f9be0d31cb418,27e4f2ea6a334c49b4b1b2ec62381265,2024-10-10 12:29:17.692571+00
1844ea084d5afba1,13f8daa4553a443886b24eac2e3393f7,2024-10-19 15:47:48.66712+00
7d4f88c1730a771e,2ffadf461921488bb279bf5fbf2daf78,2024-10-17 15:43:40.60333+00
fa7b10e910c5d9b0,6fe1c8cbcd1848d08ca956e915a02ecb,2024-10-31 04:52:07.633683+00
742d768021aea19a,cedf38e6f26b425181479d1768370cde,2024-11-01 14:18:28.041736+00
be1e048c15128b82,6d399a60bf344cf28076c8eba45490e4,2024-10-13 23:48:11.962664+00
5e3092d69e35513a,a7e32e972e7c497694ee1a24c0c513a3,2024-10-28 11:58:43.958062+00
e53a5f85c938038e,6a957df4e7e74326af3a0af94d2679e6,2024-10-11 09:25:27.509798+00
12411895ac5e3efa,228d834e94744160a25c8574b19ff6d9,2024-11-03 22:32:11.339656+00
0968d721d2814074,2523162344564e08af0907f80900a6cf,2024-10-12 13:25:06.544355+00
19f8106ede0ef792,3c631d2d5d5c4cc2b44e84149354f2d8,2024-10-20 09:27:38.736914+00
f90acf64182f1357,42de98243f1a450f8dda62247c1041df,2024-10-14 15:08:30.422352+00
bae44d037ee7f409,f50c6142e879481ab0308938d39d332b,2024-11-06 20:00:34.126453+00
d018505a38673983,7ecf5c2c90894d60aba4cb7410604774,2024-10-30 06:13:26.370192+00
a2754f41a7ef808d,e7d151785fb2423f8744216e50256369,2024-10-28 11:40:37.295654+00
4299cd49d3a34dd9,9ffc104a85d74028acdafad4bf6f8df5,2024-10-28 08:32:35.112784+00
d82ce3fb94501518,f7c4104d865e4d2b92c605c5feb4c1fa,2024-10-20 04:59:24.503387+00
10234861aa18a092,778e81e0329e4e598eb83208273815c8,2024-10-27 05:52:54.615066+00
cc09ac116cef29bb,4671a66932b4420486b16d8f015a9d1c,2024-11-01 11:03:15.046629+00
5ffc4250f7d3cccf,5b3bac690f9943df9ddaf34335722b7c,2024-11-04 07:04:00.916188+00
47b52774097b7aae,51536ebf4b9e48608b22fb21a204f4dc,2024-10-27 08:57:55.192249+00
8d7d457548098980,c1b783a70be54daebcbfccc11995d231,2024-10-22 14:44:36.141342+00
88d32974abfab2db,df3184aaf4714ec8a2094adc1177c56e,2024-11-06 14:36:56.96454+00
f6082635a7e32282,37126fc0633a4932bed1003544f34c13,2024-11-06 20:35:42.350295+00
347df9219f6f170c,134badc1fd1b496ebc183006af95fbc8,2024-11-02 09:11:06.383729+00
35c88a625bd33708,3c9ac9a4cb6c4ef1bcd6311ebdb188cc,2024-10-27 03:11:38.968789+00
a1ee065de831726a,8093668be3324c6c800b8e29eebcd3bc,2024-11-04 04:33:37.76368+00
31d75df7eb06d49d,daca97bc4eb94069863629cd3029ec8c,2024-10-28 07:01:11.449929+00
ffaadc697ac12522,76779ed91852490ba4a789a4ec3b96e9,2024-11-01 02:50:49.126641+00
82a84b13b706bc5b,e9dce54fb8774e318544836b5818890b,2024-11-04 06:26:47.402327+00
c70ccf389b276908,d8418a27d8ca4aec8266d70b25b880b3,2024-10-16 01:16:10.754291+00
63dea8e6a439ad46,e965cacde17a42dbba60b8f9b06ca77b,2024-10-21 20:53:03.414355+00
db8617a390b798b6,61836f04758b45139dd07ce69cadbb0a,2024-10-31 00:54:54.45286+00
9a3fb4b9aaa18a07,7394aabade7646c1897f30d3fb9762ae,2024-11-04 09:09:57.263571+00
74c6fc3a30cbb9ba,c7f54b008fe540a2be88fba92e0a2c19,2024-10-31 18:25:25.425095+00
4d4e8a11ef550abe,2cb08bb4d66443e7a7b3ae013ea4c3e0,2024-10-17 12:27:34.554527+00
6b9d41e14369b7d2,3b6948dea55f4e949b1f87bcca70aaa2,2024-10-27 11:59:40.120528+00
5e68ef7a2bcc0e25,11ba539b5ed44346a19987f5b47924ed,2024-10-18 17:04:41.258678+00
c5f77d3e1b7379fb,f798ec2ab7d5494cb5f0f4e98a9e3bfb,2024-10-25 16:42:27.672117+00
63f5a9dca5fb9ff7,f3dac665ab3b4c3aaf2562861c7fc916,2024-10-31 15:10:28.389511+00
9162b8ea7bfda5d3,5a8d2391792349ac85b847e3b602ae49,2024-10-27 00:20:46.867329+00
b3eb731d9a0d75d0,cdea58b653334f5398d0c32245121083,2024-10-26 20:08:58.242261+00
21f1c715d5d8caf2,39ab4886f557479597e75d9ec1f15e2f,2024-10-12 05:17:58.588245+00
4cc6e2506c5f2a3a,04917802c8624adca73a200961598a1b,2024-10-21 08:42:49.780836+00
afc216ee96bb34aa,5ccdaf06142e4a56922b58028d729a43,2024-10-14 11:49:38.556353+00
c24d3f60b4dac2f6,a5143b3e85d44b83b1b61229af7f016b,2024-11-09 04:45:55.921151+00
a3c3f3ea5b7b4c94,8157a7fd13c443c39a21cd4c26f4f127,2024-10-19 23:54:11.898805+00
064967064014a5b6,2084f1218e294130ad4e41e306e99cce,2024-10-15 04:14:35.209348+00
6aeeefcdd3dd60fb,555ba4e280364b0cbf098e6256b2d113,2024-10-13 16:36:43.534973+00
f0052091b1f35d14,1f201f5da7e94b1b85decdd7ed5cf249,2024-11-01 06:41:11.743363+00
40cb27f0c814d043,0f724044d6c74980a5036282197618b4,2024-10-13 12:32:47.495139+00
54c66b52a707da68,344f6955541e4b4a8fa519376c2588b3,2024-10-25 06:07:54.682114+00
e1f467e203fb5ced,6822c9f79fd04c7c909168180dfbaae9,2024-11-05 03:51:17.436946+00
a4ea50abfe001b96,a56d0a004f9a4d58ae159f59632055b8,2024-10-29 12:07:34.396544+00
3ca36675264a9728,84d1a34b204a4592a5038a961e3c66d5,2024-11-03 16:49:49.478621+00
b3cf72a72ede8c2f,02ee2d4a9da3436ab384862d974dd1d1,2024-10-19 18:32:12.953593+00
805f2fb8078f8d84,3813bdd877fa4abbafe633e4243ecf7e,2024-10-31 17:07:45.449763+00
a60ec36208cf806a,029775c587094e1194aac73c79b93ef5,2024-11-01 17:03:01.652298+00
57e9f857cbbbec6b,eb74b7a5b6af4324b3bb79590f2caf4e,2024-11-02 09:12:53.414196+00
c9c7168da3a37503,e5ab50665f43499e9d28069db32e43cb,2024-11-09 00:33:07.268955+00
aff74d015a7cee00,5cef5455b8f845c79347b2637ae41aa9,2024-10-10 15:52:21.21038+00
ddfc960b0ef1bb93,80384f89c6824b1aa1a475474b11feed,2024-10-26 21:39:43.096429+00
20c8a932b914044f,38aaadf50ce54b358861a4367ff3cd87,2024-11-05 02:05:34.82019+00
5c1cc95d9ae58386,eabae1078e734ea6a555126215f988b5,2024-11-03 01:23:32.026394+00
f466bbad0f123ce8,3edb0adaa22a41d1b8ba0f527dc21d27,2024-10-16 14:23:00.760766+00
010a3aae2ac64c6b,902219bab02241c58f2c1f568091e96f,2024-10-17 11:44:36.18899+00
9b7613117494766c,ec8c9d8888db43fdaca2619b6ec4e4ff,2024-10-22 20:46:02.144839+00
2fb8a0eb7a259cc5,11dae2a4f2f640cba9aa19e05f5ae67a,2024-11-05 07:10:32.311668+00
1f637a527a524632,3d0c6d672ce045a58b6c8c51b35028d8,2024-11-05 17:09:04.519285+00
2b66b3d06ee7da5d,20da8b68311a4ac0b034123fe608b9f3,2024-11-01 05:45:47.891906+00
da179c86fe63501d,2d3156a0c72d4f9d9d7147049ae53b9f,2024-11-07 14:22:09.081486+00
38f5329d3d89d614,a1e14b5392ff40f094f2c112fb32ab9b,2024-11-09 04:22:32.312122+00
ab2c14352c6fcca0,cd1eb2f01a184789bd3d69a9de1676bf,2024-10-18 22:12:47.907917+00
09e91ff6d08bcfa4,f37b9ce5357b4d8eba6e719507aea882,2024-10-17 17:55:26.888641+00
31401d2f56e400e2,6c199ca0d1974959b896a7cbe5557be4,2024-10-31 15:13:42.042274+00
4fa76305a4c1032e,bdeb6a2c174341878819890b6aa7c298,2024-10-26 03:59:54.446934+00
d0434046db0a2a84,772e86697fd94ac4900ab93de1c5e4db,2024-11-03 17:29:08.9816+00
e22d1a929d075b6d,ef5c1c7d5d4a4b079faba7a756f7a5bd,2024-10-14 18:13:11.264388+00
6dd515fb0a1fab7a,ab771898eb0248ad8a6c8e7149ddfc8a,2024-10-26 15:19:17.988069+00
1a377dc65942c254,1374b9a49c98459a9adf87d20f93ae52,2024-11-08 23:47:02.228035+00
a8723403ea440470,6e0d7a89d9354e949b5e40c7e50f7dda,2024-10-16 13:17:23.921442+00
f792227c67633230,55c5238fa93044b5a2fe6b32005e73be,2024-10-16 23:28:29.953175+00
a5ac55b5e95ec478,08098e6ed4134c1c9668885777eea57d,2024-10-22 02:20:37.38249+00
3023f1f598936bd4,bb790f52d57b4ac09c16d8a0314c1760,2024-10-22 04:06:06.501848+00
4362a7ea1ab3019d,83f373713e724dc993c136341883eb0c,2024-10-30 17:13:18.154832+00
3184741936fca7eb,ad6cc8235fb14d1c8fe18b3c3c4972c1,2024-10-25 14:43:41.320954+00
26cf656521d2e1b0,b8a5345b0ad34f53ad7bbf4bc3bd69f1,2024-10-16 10:10:45.133174+00
d1afc06c05699d43,642542ab6435421892222771d7219fe9,2024-11-08 12:51:20.829926+00
964c905065974213,23d45f2571064f0e845e17e2075d62ab,2024-10-13 10:33:31.361554+00
7731db38082b56e4,42d03c444ec542628bde918cc78c4cc2,2024-10-19 17:11:44.901028+00
b686aac3fa7b8983,2ec0aae60ea74ad1bd53be1bb8dc1968,2024-10-26 03:44:56.241455+00
71111e75a610a0bc,b9ea98682d9f4c0db53938e1d78838ec,2024-10-26 21:11:02.454288+00
4b58d524ff5f7ddd,ffaca52302de4c2ab064c66b9777c170,2024-10-16 15:10:14.506518+00
ffcb1b2df2769d10,b2c7ca80f6a54034bbdc328228949439,2024-11-05 10:05:15.946792+00
94b4d2644ce547d4,146ebd53d6484510b46426705b4f1c4c,2024-10-12 03:28:14.86394+00
06b4b084b1efe2b6,6b0de5753dc741c2907c89c9603da2a6,2024-10-18 13:49:02.67865+00
d597340f8daec63a,c786d93404104c2d9707438bd19472d7,2024-10-28 21:39:53.38392+00
c261b1cb9443fe3a,a46036072ed64a77b28ea6f1be13fbe0,2024-10-26 22:22:04.119436+00
3678afd66898ba4a,7be51580b92241a88754520a5ee8cef6,2024-10-28 10:59:23.824339+00
5258888b883c6ee8,169b73a764bd473cbc69467dd3008380,2024-10-15 00:55:21.760638+00
897d18187a4eada0,b26fe51388ca42eab0b1bb321c764e59,2024-10-23 02:50:35.066454+00
d9b178c23ea149cc,bf2eb626ac3844048335e65d4e74bdbc,2024-10-19 03:31:37.646716+00
8d46ddfc6ed183a6,629f6b25f73f45a0be765c27c3c1d7f6,2024-10-31 23:05:11.369039+00
3b9c8ea8cd668b56,bfcbf50c2f3d4a579a4259f3cd114228,2024-10-18 11:28:43.164911+00
a13be29097aad5d9,77bfa673c568406c89c89ab81b60860f,2024-10-20 02:17:09.632122+00
1aa1c934d0d55a58,dd17e2a5d3c943e7a23329cd11172db6,2024-10-24 21:26:14.252228+00
7b0f597c38056245,9cf9a2c0ac4d4ee08a10d1244b0731ff,2024-10-27 12:52:34.349343+00
c5e5ea842b5c9a38,da02c05f40ea4a81a0fd8a5ae2fdc3aa,2024-11-09 07:28:51.602471+00
0e43917154fad1ed,6e66506700274dd995b9242ecbf79edc,2024-11-09 05:04:54.555078+00
18ffc32a616b870e,4b1ce9c10bd34959ad3c2dcbf3937d5f,2024-10-23 16:57:08.969955+00
9fa2f1c2c7876dc1,da5e95bd91464b9eace19ac07d94dffb,2024-10-26 08:55:42.874261+00
76c208911a73df40,c79509336af24f35916dd3b55951b5ef,2024-11-08 19:34:32.733488+00
a1acdd3f7de787b2,97432cbb8590400c99bbbee182e00590,2024-10-30 07:17:19.8515+00
010a8f0717cd32ce,c3a84bb61bb647ccbbcfd38d10477711,2024-10-15 17:02:10.763997+00
e3e102c2a9ff70f4,a117c3b2ff2440af8dda890b45ae638e,2024-11-06 04:21:03.366135+00
f6c9df7ba38c9216,d19051942dc0491c90fb3b787d06aee8,2024-10-14 16:08:27.962163+00
63a02f75899b5c67,a7096424f0f0470291ac1a94ecff8afc,2024-10-20 21:14:12.467216+00
1cc9b90e15d3152c,d2ca13e923c74d629b95b2cd2ceb3bfa,2024-10-18 16:30:59.86353+00
56a55854a9d5a82a,f22115d2ac2a48bc9984ad13256a4d8a,2024-10-29 15:05:32.358532+00
d452de3e49004a0f,3b11c421673c475c994d30506a476ae2,2024-10-16 23:05:41.593658+00
251d21edbc4e1cd3,a520e66e6b854dfb96b66096ac2a2cf4,2024-11-02 03:42:35.541512+00
77ab4738d8c1630d,0b89b145f1714eb4b26ebe295cae9b62,2024-11-08 21:44:06.215174+00
68ef06671baed014,6657ee03f63448b2b102dc45a78b1fde,2024-11-05 11:14:45.032652+00
0ff0f3cec1e472a6,747ea55ecc4845ecbd2fadf9fcd3c832,2024-10-18 06:18:43.961819+00
3958b0b1e694186f,ddd9cb36bc074eb2b4146d469a3e9afc,2024-11-03 04:43:55.711867+00
9a1cd6f5e4f90534,e1e499248dfc4e638f1ed530e4b9fc53,2024-11-07 11:21:17.669991+00
b56740c86ba2fb69,3008ce1222874a00a856fab427cc79a1,2024-11-01 00:02:22.894324+00
a5c4c3a3c8fad2f4,e46aa8673c2a4de59b1f27bcc36e8fbf,2024-11-06 22:33:05.557357+00
922f67b4b6623aef,326b9e4c1aca4abbb4c06a2fcea72845,2024-11-06 05:31:59.543173+00
cd27e604cd46b9a9,287385486846459aa9d6b16c8b3e8434,2024-11-08 08:11:40.404381+00
efcc72baa75ca8c7,4e4e7e4479d74b2cb76e5c4456229a80,2024-10-30 02:52:07.355634+00
68146012a321d08d,53d275df778b47928c89b21720bcf1d9,2024-10-24 07:29:56.002058+00
6f0b9864a9b5080c,d63a3e745391427dadd266d48c7fdf0e,2024-10-29 16:25:11.243806+00
4a5fe29d63ff3768,2f6912eb1856404abbc30fd1cbe8939e,2024-11-04 08:23:48.799279+00
a60f97a9243a78b8,c84cb0e2531f46458067f4d825b82517,2024-10-16 21:38:05.186509+00
33b15b71f299eb2e,8241f051e1594118b5c11f3dc84ebff1,2024-10-22 02:34:04.980476+00
5a6982649a0497ca,d55ccb2a5c7d48eaae067cb54eb0dca2,2024-11-05 01:30:24.152338+00
6ab0ae97fdecf627,8c0670681d4441f6b7eac127640ccbe8,2024-11-07 19:54:43.982774+00
46e09337690a13a9,8f59aadacf324597b429d49fb581ea0f,2024-10-25 23:34:22.799117+00
2f881140457b2bc8,2701c690355d4a1bae27dbf30edcb016,2024-11-01 21:10:30.745795+00
056aa06e8970d9d2,ac7645269ca944bbac957d2b96e8bd57,2024-11-02 18:12:56.165145+00
d6afe92506876490,fa2df08eb77b4473841cc96add5baf15,2024-10-19 02:38:18.038873+00
5a9c26ef1dc9d731,2c9b2b7d98cf4ccc92ccf5b91b90265a,2024-11-02 19:15:26.847877+00
3170e732c533613a,a21efde1c091405aa4dfc6c4ddbe1c51,2024-10-17 00:12:23.182425+00
88b31e95f91bf3bf,45c6a6a9ff1d4f479924781ff80ab376,2024-10-16 21:30:37.783382+00
97e824b003103a55,b0651b7f0c7d42afa6b5d6d83636fc38,2024-10-27 14:53:49.226202+00
e4589c75795274d9,19a2ae4f1fa145128b1a8ed377f919b5,2024-10-14 22:44:08.606063+00
edea1c7b42ce1238,256ff3eeae1449db923b15e929ad64f4,2024-10-24 20:13:56.859184+00
3f9f62d5ad57d934,875f73b4aece47d69dbf4160076c2637,2024-10-16 00:39:25.047418+00
18767d37af863ae0,a7ce93cfa90d49a3af06d49d52b62f4a,2024-10-28 14:33:04.266544+00
85408569813b050e,266039faf5974f30a5939d82985f122f,2024-10-13 01:27:35.247931+00
3b34907e0d99dac0,ae673c32a50b4880b1a55250214bb381,2024-11-07 15:05:03.916809+00
fc6c4dd375cd78f1,3407e9f3fd3c4126b285e18f086bcd73,2024-10-14 10:29:24.477946+00
b702a9c3e16b93bf,853c77b3feed469db249d37987890bb2,2024-10-30 15:41:46.229463+00
6c6bdc6733627e6d,9479660ffa94404ebf86b29860f2e703,2024-10-26 01:17:04.497762+00
9e294e940aa65e75,d6cc2e5f8ea14606a26c1a3b935449de,2024-10-11 14:44:36.923994+00
f82cd16add5e2a3c,6fdb8f58d764404f9cd1855ebf34a069,2024-10-20 12:50:21.419326+00
e8d8b4b65ad3587d,03315ddaf3684d0093b17a3cf72c9580,2024-10-13 19:57:04.21188+00
109d0d3c426a63ff,806b49e423ab488fb3fba311c855112d,2024-11-05 03:22:10.342436+00
06075bdb69740a26,341f1b1b702f483f89a7dc605de2723e,2024-10-15 11:10:29.49921+00
fd4b1193104bcf99,9523136c28654848a024604a02dda553,2024-11-06 17:12:43.622656+00
84ff1122a4e791e1,468881e37644488eb25abf93d6ad94ca,2024-10-17 01:02:17.9589+00
679b15bdd656755e,8a18f8f3ce3f41238f9238669e043983,2024-10-29 19:06:33.944215+00
349006b2c96e9fcf,92d817151c63482b9fbe938286d82a2d,2024-10-30 13:12:14.964353+00
ad968842fed73aee,22ea422f0f544d4ea81ff835d536c194,2024-10-22 16:07:39.836198+00
c382b5b21c6ed068,b74155db04f24ea580107e2340a942c6,2024-10-18 20:32:17.897817+00
e6675029c699bbb9,8c212450462240fabb9d3a4dbe41877a,2024-10-11 06:28:48.358202+00
2c0b3dc1984e4415,ef874f307b7944a299d1f9be368ec9d6,2024-10-28 20:57:18.535104+00
50f4272612c24036,7e7aa2974c0646e8a11891dd917fbc21,2024-11-08 05:19:07.694952+00
a8cfe39063eda5d6,0fa1e6a55b7d4ce9961f3ba5b3bc1f4f,2024-10-16 22:39:20.403598+00
111a484f080bde93,7c43d63dc2c241d4b3a47d37f9d1038b,2024-10-31 02:18:42.986381+00
9d07f65a4145b3f2,b90b6b3f58f7407d828581068e554035,2024-10-24 00:48:02.731652+00
594e0161605196ce,b738f377ab3141efb158c7afd47920fa,2024-10-17 13:32:27.714348+00
0f2fd89896df046d,fee1c4c5af8e41cf9a6e9ca5c15fd39b,2024-11-06 15:52:40.341396+00
b92b3d381ee980f3,ff92ad20c6044573a008104565134368,2024-11-09 03:28:44.437683+00
47638813d9340b97,e035f6c3619c43549a58bb2fbed40206,2024-11-02 06:12:01.375785+00
8fb61f88107bb67e,cfc5dd206dbe417682ac5aa37444fa33,2024-10-27 05:06:09.319062+00
1193401f9bef6058,2c3e2b4d895a4aed9c208aadbc6dc9e3,2024-10-26 06:47:12.68728+00
7346e0c578dca682,40e95c5559094125ae5bbf8c669af467,2024-10-20 10:31:21.612455+00
ecc82486868c211b,cb6a9c04f68a4523a50b906dcce0233b,2024-10-26 06:00:38.06064+00
523ce82e654e9cb2,818bdb9cbe684276ba768fb353cb3e3c,2024-10-11 17:28:48.627478+00
a23b4bfedafc0ca9,79e05244fb854cf4a7df262c63b9f576,2024-10-17 03:50:00.246502+00
36f2e9d70402fa81,2108032716494287827df9bb51915118,2024-11-05 04:00:16.56718+00
431ba9dbb56605d9,aa996fece1fa4c98a7ac412de2f94f65,2024-10-17 22:04:55.081102+00
8430702b190b161d,5e5915fcc5a14361b10f69548eda943d,2024-10-14 10:31:23.950046+00
58005726066cc0e7,f5df5865dcf64345ab111ba140dadf7b,2024-10-20 01:53:38.900873+00
95f20eb75c238d55,dac64928696a43db876e42ee05ac246b,2024-11-04 06:20:16.705114+00
f9416060b71cc4e4,fed4adb5c9a34fa29a7e606f28d1df7f,2024-10-19 02:24:13.467191+00
f679560baa747c90,1c20470d4ce94931b69254bca757a660,2024-10-27 13:51:53.15747+00
3b208ee32797f065,a9a1bf0bb9014b4e8fb8ba0648987fb6,2024-11-08 12:01:56.267606+00
4a30a8df35c66561,7afcbdd39458466da7c34f9874f61a09,2024-10-12 11:26:57.170661+00
8f3e9778b9a9d9b7,f962294efda54614b3b4f36430253f64,2024-11-04 09:14:52.587525+00
9cf3e7f358a66633,84ac4f48c30548279f5b59809626253d,2024-10-26 10:16:59.967262+00
34f84957e2f25bea,2b0051396c404ea09db40ce5b22c22df,2024-10-17 12:09:20.107427+00
319649f2507e5ea6,6cf8eb6d11504832bcc51d9421163397,2024-11-06 05:32:27.220553+00
91ca48a79268eac1,fe8f305d7da74e75b2ad281ad02c9047,2024-11-08 22:27:10.371887+00
c7b2d10325d9ebd2,5ee508996a204c578b0024641c6473a9,2024-10-20 02:39:49.831862+00
612fef41060044d7,3c3fcbdb48a54b63ac601a8582fd668d,2024-10-22 11:47:40.71339+00
78f6e011c3e85a37,90428f0e621046fc8eb73897eb13b180,2024-11-03 05:33:24.299956+00
0718af8f1efda009,48214b9bbcff4c8fbf847659d6146c94,2024-10-23 17:59:22.665945+00
9c9971ca92c26005,16d7c9d076074776af8a5aacb782ada4,2024-11-02 21:09:30.489671+00
bc0d72e93dd9ccbc,f23a01c5362845df8076affa55e98d9b,2024-10-22 23:59:34.517794+00
1cb210005b04933a,80395951b11541ecab7b6fca6694d596,2024-11-02 02:05:43.991216+00
a0d404a4d0b3cbee,4a9c550399cd40ff9b6787493e2fdfcd,2024-10-28 12:14:39.189259+00
933a5ef7ea70577f,e5112b5a5e144253a4299cdb2469e867,2024-11-02 10:31:08.363009+00
d86844b05e3fe161,b722bed03b4d4f54a241b92a57a701b5,2024-10-17 07:27:58.337377+00
21b657c16514f098,0de6aedf1b9d47d2bfc77283982b42e3,2024-10-20 01:48:01.618201+00
c466ece98c42a637,c8cc34f4d7af4d2c80995fca62990ba7,2024-10-20 05:46:34.850336+00
6e9b93ee59a16c05,9b0d3c900633428e9c5e6c0b83298298,2024-11-02 05:45:19.538139+00
5dad242ba829b8dd,146f0187a78748efa6545757bb06c884,2024-10-26 21:47:47.906903+00
b36b4d1ef6925af2,1f1820a4521c496b97c9bb4d34a33663,2024-11-06 16:05:44.415509+00
85ca888b1d24f11c,a7030314502f45c4875d1827ae718239,2024-10-19 20:13:08.381476+00
9b663ce74f1693c8,0909484830be4de3874e4334d4885f03,2024-10-11 17:24:08.922683+00
1f74b2fbba386083,f58e754a40224d70a7350df922b67c46,2024-11-01 15:19:58.712844+00
c8aa9d461ed5b530,6e71cfebb25c4643bc33236d5847fccb,2024-10-20 11:26:19.773076+00
ca95d5dbff911d69,2c846e6f357141b4af0b451e24259ec5,2024-10-20 19:46:01.762946+00
6ab17ff9de63e706,76ce9b2317154f1884a3c6d83e8655a5,2024-11-06 08:48:04.3814+00
2d600f26e8c2fbc1,7b76e067fb774df9a84f94c17161c6af,2024-10-17 10:39:42.746945+00
2baf37f89500fc1c,9de9f34d625f4da18152a2f104c76b88,2024-10-28 12:52:23.769004+00
5400853e8fe385a5,47e246a6274c4ba989e1dfb3c319e472,2024-10-21 00:26:41.909264+00
2581e3ef05302c30,600b5bfdef4740d78d5054d9367d2988,2024-10-13 07:12:07.704716+00
79ac6a0f4ae0f106,7f487035f0194d83a84cfc3414f971c2,2024-10-22 20:22:32.564783+00
c6b8565d8e0968ee,3b177327f3924db8a01469d6700bac2d,2024-10-11 07:45:54.14656+00
36f06c945574c701,5b477f71dc0e4d31b52bc0ac3e208c51,2024-11-07 19:30:04.947929+00
a7e5afa915a65d24,26cfd5e9b4f841d5a69ef900eb183a91,2024-10-16 02:46:31.948377+00
47178928bc76c9df,6ad88976527d47bcb44291fb690da0dd,2024-10-20 17:09:47.955584+00
2fc1a9d023673565,73a921ece3914bb0a138377e06bdcef7,2024-10-21 10:38:41.766443+00
dc0fde97419a5752,430cc2b681c94f47aa45c5bc4d326673,2024-10-30 10:54:35.473599+00
a2f7e3c3bbc9e3b6,f8631666d6494c3fa573c8e029a411b4,2024-11-07 14:38:10.088312+00
207ab475b3f678c1,e64ca8689e9a4f44a5af01d223632d4b,2024-10-12 03:00:13.357627+00
c287aa411a2a9801,32b108bbf8d4441d92c4e5076d989fad,2024-10-30 00:59:44.862156+00
a82258b88c318158,06772b33bf294d04bc483f6a39686eea,2024-10-21 15:23:27.397184+00
abd81c589bf82668,7a092c11323d48c686b11cb9d536de74,2024-10-31 05:09:23.23167+00
d9d7e0befa60382c,a62780d44db54e23a80ed57cf893bfb1,2024-10-29 14:08:04.250666+00
489951cc023ff2fc,501813c25ab34d038b62e7c14eed7d10,2024-11-05 02:54:47.192435+00
a6f20b341c5a91d4,e15b300828e74e298f36adefc2bbec5e,2024-10-15 12:56:10.346925+00
2b06cff3f2413632,fa342ca41c2d4b20bebe9348f2457a33,2024-11-04 00:35:33.873403+00
13b475939fc28a1a,22428140c0944616a5ec2ed3c48dff40,2024-10-13 04:42:56.785795+00
52809c5dd1935747,5afb5107ca7747f59d3e835584348c04,2024-11-05 14:57:18.626764+00
4535d0b76110de0a,81776559945042cbb763cf251f52d91e,2024-11-07 19:26:21.332852+00
ccd82aac5675148c,481719b4df38419da5139861c90fae7a,2024-11-04 10:20:10.871302+00
7002c489e78f86cc,d29965c8198d47df90fd245befa59b77,2024-10-27 13:17:23.476311+00
d4382401ccc248c0,0781f69e5b124ecd8e58be6927deee88,2024-11-05 11:50:08.896696+00
6e917d6f91b61dd6,7cf6ff0b13184744b7d458e2074d1a62,2024-11-08 15:58:35.102381+00
80019a9e40676a5c,9514d6292c724b0c858b00587b8d2ab8,2024-10-14 22:19:26.596024+00
f9379fbe0e7884d9,31788cd31733409aa1947ddb271e7758,2024-10-20 01:09:40.368394+00
4597132c85592986,6e52b92f3c444c20b829abf4c7ef4ffd,2024-10-17 01:00:54.017413+00
8456a8ce485db901,b2ad5a8d057b4dcbb8ee773548ad7dd9,2024-10-28 11:43:58.097505+00
5248dd949b58f42e,e6116e5c3b5244f18c4368c2b5423a73,2024-11-07 20:29:08.41493+00
7d4ab45fe00ae258,9abafa4aafdf49099eb1ed998ee2baef,2024-10-12 02:57:31.536935+00
8cbd2616eba1dda1,cbf13083a9764c2d9fcefc4b7a31f66c,2024-10-20 06:20:58.639997+00
88c104cd6e417ccd,953a4e70f17e4c039d649ebd4eb60955,2024-10-26 13:33:52.603495+00
a597038e47c28ef1,1009fd01b64d4cf48cbd52cab96ee4b2,2024-10-18 03:02:02.078981+00
9cfe7abf2f656874,c75e5b42358a461f9253ad4eb292411f,2024-11-07 16:14:30.987056+00
3de68c3109ca3dc9,f55366c5db88416d9876e1c1d708cac5,2024-10-25 21:23:41.640023+00
2ab036d517ac10f9,06fedd73d7cb40ec91673a2a8607f956,2024-10-21 08:07:00.326702+00
9b828ba308f4d99c,40ce6972fa8f42babf6aa25085bafd62,2024-10-31 00:13:40.751141+00
7d7decf3baa67225,a9797f958a874c4683331f42a74fb905,2024-10-26 14:47:08.362754+00
7506b9cc2e446ef8,affd2a775cba4a73b0386599bb4314ef,2024-10-12 02:34:24.148302+00
5cef93442072035d,387b32e4610c4b1c856b3991123bc8ed,2024-10-17 05:44:16.25856+00
6d88faf69d2b1573,fef8152c6e9249d8868d4c0c7310f5c6,2024-10-10 11:45:22.345786+00
8f6de8ec706771a3,06df37945b4e49ee8bcab65f28eb08a9,2024-10-21 23:12:38.14487+00
f35f3222e183ec25,54068ee7ce634b42b0b42db04db53ca7,2024-11-07 01:48:34.943162+00
32ed67e3d314236a,a8812f76bf2146488664cf9883faa8e9,2024-10-15 08:19:12.886399+00
0c12843b6056b5dc,c57e4d60a34a45878144fa07d2467e99,2024-10-14 07:49:25.819757+00
b5c382c442a50a14,4860c8355f4e4f7ebba0f61af8716ce1,2024-11-08 05:15:02.583767+00
6be6fc95a6781d85,215d4559a61f4395a6b0b77b9cfd6ea9,2024-10-15 12:02:48.684269+00
eaf88d3360377598,a9672367c0fc4633bba68636cc2a8282,2024-10-23 14:13:27.027812+00
4f91671c61186456,30a507ffcfac49a4ad16c1f71afcaf05,2024-10-10 13:50:49.776445+00
f182e13200fd6fa2,b49d6acca4e54eb88181dc18f17f6683,2024-10-15 09:50:56.828358+00
5da718ef2ed0a5df,98b5d2b1cbbb40239189fb4f8d2d5829,2024-11-04 10:45:27.781315+00
dffe3c8142f5462c,41b125703f6845c098971fcd52800474,2024-10-26 02:26:52.831473+00
31215c5e18d5be10,fda9d27cf33d483d90f195b7a29ff7c0,2024-11-08 19:19:21.072597+00
df16f83b378be18c,1937e51b42b14d1db4867dc9ead01e30,2024-10-30 05:39:11.607275+00
61eaf9160d48d06c,5382361d4f274478aa87d780bc2aafdf,2024-11-03 12:13:03.060876+00
459003e89cbb56a5,cade254440cb40caa15e7ebf436cb517,2024-11-05 11:14:27.437938+00
62130bbbe254ac15,ac167700e929444a945f0c89e1b2558c,2024-10-12 21:06:07.129866+00
fb3a0326497dee69,dc18b0063c204268b78c89965f081e66,2024-10-14 04:37:35.468743+00
1ce5f3292fec0467,c4724a4292074e6a8dd746dae46f52a4,2024-10-17 17:45:41.364849+00
718a91109eb7eb2e,181fe3684d0d4559a178d59533d31646,2024-10-24 14:47:30.207942+00
8f833c2902a586fb,2df861119b9c48c4b1c1f9757d5565ef,2024-11-01 18:13:00.495431+00
a3e1e947434edecc,cf81dce645734613b6285a3f5500467b,2024-10-14 08:52:24.829102+00
23e0923e73d895f8,e1a84280d6f74fa5a6e517dc229951b4,2024-10-19 14:43:26.493454+00
446fef3247f7ccd5,3abf84b8027948f481da704e41b65822,2024-10-14 07:37:01.893118+00
5fd4192014a08b3f,32b6b90d917f4cf5a1f92e7994d5b2ed,2024-11-02 12:41:43.444612+00
70c5b5c978e793c0,9951e3cb432347adb41023f23dfec08d,2024-10-30 02:53:52.132342+00
943aa03cca1d4847,1014777015374fec9159865a3fca1b26,2024-11-01 06:29:03.887486+00
92137ab54ac24266,791d90e1189244c0b55a485211e99fc8,2024-10-12 22:17:16.558975+00
62b55670e1980152,464a9e70aaa446cab5dd7946d892ad5d,2024-11-08 03:10:51.327976+00
55921f3ab723689c,9926df459d424f2697d18437b1c76214,2024-10-23 11:43:20.488891+00
7d2466c4a8b0698f,0ef9239779b244639dd95ee385f4b6ff,2024-11-06 14:00:35.895605+00
f77c7492549155a1,723c4ec213fa4a37beab08acd7967f0d,2024-11-01 09:24:15.864043+00
95b2c47be094cc73,a63d23b82fe24af197104fe39e995da3,2024-11-03 00:29:40.136767+00
48e7c270b1de9636,d45df016928b42a1ae012fdd614c9318,2024-11-02 03:16:03.355244+00
e3dd51b1f748aa6e,e7855f7e88b24f7992c97589f232ce6f,2024-10-12 03:25:24.561434+00
6464c0de70577799,4f3810867652457da73af87170803d21,2024-10-28 22:58:46.528303+00
6caf479778e43100,3e0610d0d6924851bca3a2f1d5e6a1f5,2024-10-15 14:57:09.720272+00
2ffc76bd8df9a18c,499ee047606741da90d60b97bef4de4e,2024-10-20 17:35:30.372955+00
218418017ff43e88,bd92538e3d934a35943fae96df432a3c,2024-11-09 09:49:08.463773+00
ffd506514596f93c,07b73f92533c4815b876aaa10c6c83ce,2024-10-27 04:27:57.634878+00
7d2876ff24d29bf2,e59bd34e89324bada1443d779147c141,2024-11-05 16:26:43.896452+00
ff64c48d98fe6443,807bacb197a14d1c898f324515f7bb88,2024-10-21 06:05:27.183124+00
6d7a6b37060f4180,41d96c7190ae4a28894d9868ee09d130,2024-10-12 15:24:45.889275+00
28568bc05f91fbe3,99931e1b734e4a3b80fc3b9fc43499e6,2024-10-27 19:21:19.463401+00
ac81625cc7829f39,b4e19e5183514fc5b8de02419aaf91f9,2024-10-23 22:42:16.284541+00
8da703c0e2ebf51b,1acc2978919143cd8071f25d9eada0b2,2024-11-06 11:03:18.743405+00
ff12fce77092f76d,253543b7b8a646cfb52268b038a41595,2024-11-08 22:45:09.658055+00
f8385ffb6546f8e9,53391ed4986d4912b21721093635c5c2,2024-10-28 04:29:39.867541+00
441c3a1864f6db2e,2f7ef03bd15e4a8f8939075dfd4596a0,2024-11-01 12:22:21.140356+00
551821e357c7fb1e,ca9eca975aa744718429f1209184da3a,2024-10-17 08:03:11.664727+00
b1a8d7c65c45651a,fc9af6bf6eb746918ee020ec5f4c374a,2024-10-14 07:58:58.100967+00
4d873b33948a5628,7baf84b9c42e4d9b984c9de7b79cf847,2024-10-21 06:01:45.724021+00
5eeaaf83403e2fea,677927b6de6e486992f5613286a16748,2024-10-16 11:37:54.563368+00
86cf2e21a0487981,726906e07d0b4b4c9ab6d306bfdd4133,2024-10-14 13:57:56.754812+00
dc9da98af39cbcec,d70038299b4e459d8a8e3f217ae44a58,2024-10-16 18:36:03.214339+00
2d3c4db978877725,803e3860a2ae4cbe859af36bf46e7d03,2024-10-21 06:37:43.819379+00
ea4099abd1843f55,8cf097c2d8b6422d8239472f36011c11,2024-10-20 02:10:05.63328+00
7c5046e0ec378cc1,07d226e9ba724601aee388e66ddd9f4b,2024-11-02 06:04:21.102062+00
3664e7c53922367f,6fd06a9ca09a4c23bc147fb31d24f0d7,2024-10-12 07:48:08.686503+00
561bad70d4d75a8c,398b230dd9c34ed6855487a8aa923570,2024-10-17 08:06:55.292883+00
6e3705171572b43c,977c6a0033974941a29995c69b893c1f,2024-10-20 23:35:38.482914+00
c16de2a3e42d0d41,75b4a1f545904021a3e45193cd015882,2024-11-01 23:14:41.425264+00
8b4d9e81b3325858,23b8ec73fd60452dae0afebd807ecaae,2024-11-06 14:51:51.697945+00
6cd2b3685f61bf79,0512c79cb715462f80faaabcef3eaf33,2024-11-06 21:01:45.03962+00
c79c63fbd14c53d1,89b8366f89e24d7d8956213e2b869828,2024-10-29 13:57:39.171232+00
64b6edd26e7ae6c3,920fad0442cc439c875091302ff9113a,2024-10-18 08:27:48.514285+00
fb2cc11ddac05a0d,370c332546ef42bcb55586162ded5a78,2024-10-14 08:27:44.640436+00
7bae8a84e930469c,e2502c2ed9f8416eb41a78b6bc9023d9,2024-10-30 10:05:57.289583+00
3a1532c51dc0bdb1,cc5e5f71e21f4696a91a1e3ea764a1f9,2024-10-13 19:34:34.119478+00
9ffe09d3b85377f2,19a952dd833e4657be32d4a73ba1d06e,2024-10-30 20:07:35.464222+00
3bdc2276b0f60d8d,82c8419fce004521871ab9711a33af2b,2024-11-02 00:02:09.504507+00
cd363a5f31a4c8b0,762f5b64ddcd41caa3c5c8064a308518,2024-10-12 02:08:59.713864+00
f7d0e6607b9f830a,f9b8afe40fc640d885b7de6a924edc26,2024-10-23 13:05:28.681994+00
2c3a9f7a5dca53ab,8ada0f9658f3426abefd65c8fdd134b8,2024-10-13 07:34:56.895608+00
3e67e77b37594576,37ed7cba34f3459eaa1fb0e9595609f4,2024-11-05 00:31:43.262749+00
d6376c76ee884952,e5b2949a88c34d0385ca56113fbd1f06,2024-10-17 06:49:18.755329+00
e406eefeaee91e05,a98e351eb4a14b6e8b5b09040602fa48,2024-11-06 10:40:26.904714+00
ae6545401f346c1f,4b255d7c505847628c6faffed1e0b8f3,2024-10-15 22:03:49.272154+00
550b19f1895bb4ec,b42812f876a8463695d2c1ef157ecf84,2024-11-08 03:34:07.164754+00
72b2312ef5334760,43477f9ab05548d585d975f1385fa274,2024-11-07 16:51:54.386761+00
ac3dc113452a8f5c,dd73d87343e64006bc11860d7812d217,2024-10-25 10:12:46.871681+00
d3a914ceef4bcec7,93d2bad50e604a1ebbf800c4eb94c3d3,2024-10-23 16:58:53.623333+00
1fcafa74712a7f8e,c258afef664a4dfba473f1f89bdb7e76,2024-10-14 12:56:31.282396+00
74f6c8952271e473,af5f987f5c02480c8745d5bfe01e7469,2024-10-31 12:58:09.574496+00
1079a2864b7a28f9,8e072010cd9c493bb8ed3186a96efab5,2024-10-31 00:02:08.27806+00
dc3f5c33f79fc0d9,d9fd53b81883483cbac02c0651d2fc8c,2024-10-24 23:07:00.090693+00
465dcf33d3e6ffe2,8f71946034de48ac8e24d36648fc5a47,2024-11-06 20:42:46.824127+00
1df0606f295541b6,15642e257b9640c0b97377c685de2095,2024-10-26 14:53:46.595566+00
09542de80a2bfa0d,1b5bcff51d6b460484986643c634e168,2024-11-07 01:47:11.538263+00
a996c944ab110867,07d774b3d1354826b626d29998887243,2024-10-20 17:02:27.775353+00
85d8bbc1b79889b2,49332404e7404d36b5ffda0bb3629ef6,2024-11-04 03:59:06.287787+00
6d24b72d4c72b7f9,36af0cd8513345cc8e8aa5092cad341e,2024-11-08 06:02:25.363896+00
10fd814d92683e20,37bf6d87d883422db9918470399b5988,2024-11-07 17:16:30.455173+00
0c6e1ce444c38178,7f5337aaebce481a9c92f0fca6f79a4b,2024-10-18 00:03:12.489626+00
14aecb66befc8a85,731758775876489fb26997ec7129254d,2024-10-10 15:35:21.982496+00
c0633084b1b02577,fa271c3c162f4909a6a629430882b300,2024-11-08 18:47:28.738134+00
b9510b9dbdc966b6,a1802ef378414e9ba44721007b4264c6,2024-11-05 08:38:04.834039+00
c62b7974ed577267,fe1d9b62e3a544fa990a1e6cf8103ad8,2024-10-16 18:12:45.098787+00
02cc764ea857bb23,d7547951fc0d4e6b84344ce3e3821869,2024-11-04 20:00:26.75222+00
b6df69a99be648fb,fef772bd5be0472fb16f407d7170002f,2024-11-04 23:35:29.970395+00
0f5803c34b916309,0dee075adf954daba71d3da381dd9850,2024-11-09 07:06:00.790428+00
4c397b7be1e83703,940110d36e224b93b77bc943075662dc,2024-10-24 00:36:44.823358+00
ed87ed6002fb38aa,b4f5268c25874c6db467574d92210ce6,2024-10-28 02:39:59.563261+00
878e62999545c841,02d15dfb215746d8a75cbc222e2dd63b,2024-10-27 11:34:57.762185+00
c8559df1df4fa70a,e4f74deeb1c44ecd90e804f032272a74,2024-10-10 16:51:46.379225+00
8a001ae7bfc5950e,b4bcc1f5ffe9467484a2f0eae775625d,2024-10-25 21:43:32.488039+00
f9751572013e3e61,b729464126174b16b37c792f244ef5a9,2024-10-29 15:49:46.02914+00
2a03634172b8ea2b,833b41ae30ba4e519b5e80711a63461a,2024-10-20 21:38:06.59041+00
e83556808930bfb3,1ca9ffea8c10439694c1d8c7a6fd42f4,2024-10-27 19:06:40.882369+00
a65bdd938709bf7b,06fddaf5fef142a2bf44a791c346b915,2024-11-01 05:59:05.867431+00
3f68aea5eaea3807,07921727a0984ea39fd9a10b554d6c2b,2024-10-31 17:20:14.560341+00
7afb18a87c626e59,349a1c5deeb34b5194915d57aba2042e,2024-10-13 11:00:05.404929+00
e6f1493d6ee94c6a,21b839d3643a494090ba21aee009740a,2024-11-01 05:40:15.799215+00
90a6d87212842e3d,420cc88f96c04d63a0f9c4e24d7a3aab,2024-10-24 19:02:30.208315+00
f2b6e88c737a39a2,c1caf50975414bb19769b7b98ab7c607,2024-11-01 07:08:07.432686+00
cd95861bb90480de,5b648d3845a943d581224de1ac302cd7,2024-11-01 11:19:00.640176+00
28c05928c9d2f565,2f449170e32d49edb2fa232878d88799,2024-10-21 21:45:16.975304+00
d82db7aebf13ed32,ee2a5417256e482fa5bda106351c23e2,2024-10-21 05:54:40.171123+00
ee0e9a6587696f3a,371f1b1886754de798a7ba6234b57440,2024-11-09 06:03:11.751399+00
2073ac42eee39c46,364d95696a7d4e73b2c03b6f807d8e13,2024-10-14 16:57:44.62768+00
ecc4c6a958a04a55,0b37f34aa403400b8009ce994205e42f,2024-10-18 06:26:05.112126+00
eeed60305a01ca81,ed7b3a6224964c5397eb09c7fdcb83ba,2024-10-22 17:50:47.921158+00
13b83671d3939d65,13d03bcb93044fa2b6043acffa9b2a69,2024-10-11 15:04:39.086989+00
1c66d73a45c3df6f,79c0ae57549b441b8e387602aee6a31b,2024-10-15 19:10:01.149348+00
69a77fd061e3bab4,baf7bc9e1b574d5c9646f2d8c7a6e0b5,2024-10-16 04:37:20.520058+00
139fa04defc60c65,0b990bf9bd1a42c1945e33f005edc60f,2024-10-31 01:39:27.570653+00
b6939f2db7b8c21f,e77e34c2e9ac439e8f26624bf4f229c1,2024-11-05 12:56:34.689246+00
4ac7c60a176f993b,17edff5c48464ce99660426ceb1b65f5,2024-11-02 02:14:00.273292+00
ce2e5faef039e42b,794dcf1e718e462a99071647161408cc,2024-10-26 03:25:38.754624+00
b7b8b1f2087d8d0c,62b7680107d64105975d690ba91a1c60,2024-10-31 08:30:20.696657+00
a4cd79afedf020f1,40b9ec24ca0049c5a62d44db558471a4,2024-10-22 02:24:58.147788+00
2a4f5fdc3309e5c4,5affcebd5b2c4d109cc76a31717c310c,2024-10-16 23:39:55.573441+00
07c1808d16832ef9,d8eb733168be4b1d974ee5ffdbd20a01,2024-10-20 12:59:53.792134+00
afafb5c5a024142a,b94e81e0b27e416aa638c2f188002904,2024-10-21 07:28:01.242194+00
42c26a8cb0fa4b41,26a7d182dcbb446f8e63b6fb24c9c842,2024-10-11 20:31:27.391183+00
ba224b1cdd41d49f,431d5ecd33324f9db141982ef8983d52,2024-10-16 23:05:56.109908+00
aadaf707097c1e9f,875ee7cefa42436d9e664c3270823be4,2024-11-02 21:30:38.556916+00
da579a98352ccb5a,e20e739eee744709ad75e70d34227ff6,2024-10-18 04:20:36.531282+00
e4ff05a6f51050a9,f1607c128d0d4501afa729de59e51d48,2024-11-07 03:42:58.40852+00
8cdc13b8e64cc472,a16a890686164f53958204c9072a1bcf,2024-10-12 13:46:06.360983+00
63806b7591bad139,bb070fde8417449bb08640a928886412,2024-11-08 18:31:28.93623+00
b8a92edce6d16a3c,e39557995207442394c7ffaff5ddbef6,2024-10-21 22:59:05.126095+00
1d37054d7967cd17,accad91eba814f1fb315f2309a43a0c0,2024-10-31 10:22:38.966064+00
08f89302a9e9581e,1f99515b584c49b796ad762d14dd386e,2024-10-18 05:59:10.202224+00
b289c87b352b21ff,51d08ce1fa8648cab667f9665b0001a0,2024-10-16 07:59:42.94724+00
5c8952b3f6e151e8,ed4d833178e749c9bea0639f940125ee,2024-10-21 13:07:35.282881+00
59e585d4cac6ecd1,d7c6f5bef50b4bcca299ca47cbb02342,2024-11-06 10:12:56.354474+00
b25264683026a17a,5917a1eeedf0475cbc3ded8e35aff546,2024-11-05 04:47:08.409616+00
711fcb41cd75dab0,1df8d0fe4a5440e38a5c4e4834c68a05,2024-10-21 17:54:11.553234+00
80fb5c08329bb0d9,1c257b465e2442cba06b62836473f24e,2024-10-29 16:47:57.600222+00
f70db7a1e71410e4,e30f7a0b28874313a3411cc72efcf77b,2024-11-07 22:35:25.335395+00
8cfc908467a73de1,d315334838a34209a8f30646a4f0f444,2024-10-17 10:17:27.161556+00
a8641f4da4d4822b,4f518a46ad004a79ab79d49ea45c5e71,2024-10-14 23:03:52.6617+00
a3b9b99b1279598f,80767fb3efbd438f9809150556b96238,2024-11-01 07:55:12.647467+00
2dae136d3adfd247,58e0fe846ca741b39b4271c7a95874b1,2024-10-19 11:37:01.134326+00
91a6b67442764530,0ebdc3d515d0432f833ca292a06248b9,2024-10-22 14:46:21.006545+00
20ddf595a62c3de4,1bc1870231fd46c5bac679d145480a38,2024-10-20 16:03:32.804511+00
eddb2c5cbe47c4d6,c836c88e187a4a2aae2c75eeea145f08,2024-10-26 23:11:39.355631+00
944eb6c6110efee3,c3ba02d41d904c8e9d639552db999827,2024-10-16 19:32:54.478269+00
45b7d01aec5f46c5,58ab702a87be4889b1f7c57e20f2d93c,2024-10-11 04:45:19.386313+00
739912bb901bfded,e752b0470af348fc960aa3af56a49667,2024-10-27 11:41:17.368079+00
26ce3c4e1a9cf8eb,db90bcfe235e475686cf1600debd73c4,2024-11-06 21:28:40.755402+00
d33d13d33dc13fb3,5b8e6e14ddb84becb9cd1521b82001f3,2024-11-04 02:15:05.331667+00
fb7da9a688e634b4,bd36e44fe7e942d788ef162296560665,2024-10-21 02:53:41.476871+00
5c8aa58562764948,54b64a992f8842fb9e0140c765e985d9,2024-11-07 07:56:48.376286+00
59eebce33ce24078,19c2d047aa934a69a83fedf214a0a079,2024-11-02 16:32:08.266622+00
1a6fada41e0e2e6a,71fb049468194c00be45a0fea17db653,2024-10-14 04:01:16.097806+00
1c4fd2a3922eb024,4a532a4da84e49a0bdd1d6d9312f1fac,2024-10-11 13:17:01.46592+00
1e7e4b772c24f1ae,4e05d0f3378e48a3840fd28c1d571051,2024-10-29 17:33:12.347769+00
5c1d4295f9247c6d,b1c48d0dfb7a45b293e0d26e2159e6a0,2024-10-31 00:38:00.258176+00
7e72c0dc89c534d6,5b59579964fc45238d66fc8f0dddaa6b,2024-10-23 16:11:14.754451+00
5f1fa51cdf5803b5,bbf5141f41d84d4cac4035f5cf5f70d8,2024-11-08 20:28:14.78838+00
9adf32762e90fbd6,dc7ffc85daea453f9310b6264823530f,2024-11-03 12:27:19.007718+00
28f120877a9ffd03,99ea1da1e94d4cb596c1376b7363171e,2024-10-30 14:58:34.14311+00
23aaa27f304c113a,6f81b903cd2b4089bf0a1e79d55945f0,2024-11-03 23:58:45.336627+00
02a08677eafb5e1b,021b6e57a33f4488b429891d9d8edbbd,2024-10-25 19:40:36.061919+00
51ffa099371fa290,e7ee4c33aee7460aab513dd1fd854ca9,2024-10-26 13:30:39.181723+00
3cfada44dd34ae1b,66e0ba9840024ebf8a67412b2cb189f9,2024-10-20 17:47:16.76851+00
5adb64a20dca0348,d3a4fa4094e840679595b7a546fb09cd,2024-11-06 11:09:38.774611+00
be2ff2b1401345bc,ebaa7430b2fd43babd668479f00c086e,2024-11-01 06:22:13.16356+00
f836a373cf8914c8,befe7d09ffdb462ebf3f75fbcb7286b9,2024-11-03 11:08:21.200971+00
3c49b4ccadfdced9,1d1240f4d3cc40b1be0f4ba60c29ef3a,2024-10-30 18:25:21.231532+00
e24c29e4ca550027,08f9b6e9240345edba24ee61407935ca,2024-11-08 15:57:59.040777+00
94835f542afbe52d,e482713e6a3f422c8460fc79452672d4,2024-11-04 01:36:36.536406+00
fd5587b5e7a52347,8671a40778e148e6a4493adc8bf3e16f,2024-10-29 22:38:59.547386+00
4cb4da029e77a406,6b50deafbcbb482182faba35a27c5df2,2024-11-03 00:27:05.407365+00
eea6cc43123a53b9,1fa4e63f00294dc39555ec97906c3156,2024-10-22 04:40:44.407618+00
78d1a9951a8ccfce,8a37e66e49204e9296073ff6c37eaa47,2024-11-06 10:58:58.626573+00
66af3df70947e20e,8ab22b31ee854ea7bee12d39cb4550b0,2024-10-15 20:08:12.486812+00
622bc1487b3bb467,0291dd97f44942a6809835173e3316e8,2024-10-22 00:54:34.671981+00
eca8bf2aef42c6af,f54191960abb48e2b3fc7794624a5258,2024-10-24 20:37:23.70668+00
18e10572d816b3f6,86c86fc69f604ae2869190d3a98f210b,2024-10-16 07:14:38.703315+00
f3c86af87146992e,2b1c246cc4b945518a4ec37ecccde088,2024-10-11 21:40:02.776185+00
c27335c653349018,871394b7150f4211b4dcb434b17809de,2024-10-18 03:48:06.759043+00
ff7d0f783f2b1c70,03236acc525e48a1b94615c24a22e850,2024-11-06 09:26:16.429458+00
c18c047ddc8eb55a,aaf92c748c9a4a589646e5ebb7c0f940,2024-10-13 01:31:00.267705+00
d10d7d593e40fd45,c8c7ebffb22e42b79b65befc8ae154fa,2024-11-07 09:19:45.470485+00
572de47da7731e85,364ae34a54084aadac2787e3ec320a3f,2024-10-11 20:40:15.714279+00
693d237f1c3e747c,1428f646400c461682c0c4c96cb3878c,2024-11-08 10:44:56.224974+00
ba40048bcce16b0f,6ce274661cb74933ab64a880eb0ab7f3,2024-10-28 17:42:05.245092+00
c3b84519007cb6ee,fe4ea28cf9d34d3a9bf8c712cc9db5d2,2024-10-19 19:28:51.737474+00
7ebe8468f678168e,55f01a6af658426580563cd85c508baa,2024-10-14 16:25:28.173028+00
f7b98b1220b9ea96,173f272ec7a94d38964a086f59ea9204,2024-10-16 19:54:49.56446+00
bfb02f470312f87a,d27148ec60bd4bf1bb7a34ceacefc20f,2024-10-13 02:37:45.32429+00
ba72f163027bd22c,d73e1abf14a64b2482dc3807d96ae433,2024-11-05 01:43:09.996444+00
4e4a49c80461b07a,4fa901a5c6d445d4a86d90b3967a27a9,2024-11-03 15:13:34.10173+00
0f5bffc44a853690,e5f117cda342470890190e25b034f040,2024-10-31 20:25:37.880492+00
35d50d969f792cad,7faf33eb8fe746c48bde6f8b247d0498,2024-10-13 14:49:36.512538+00
b2c817ec4e31d831,2a1589e727184c2aadf34e23e59a95d8,2024-11-05 01:09:50.730456+00
226142a83f3c8b9b,c106acda84c44bb792ade445c4b12618,2024-10-20 01:41:04.813651+00
214f3f75e9336aa4,8d7c298ab3fe4a9b84fc45ac144da95b,2024-10-21 11:07:23.550192+00
e819de72d281fe29,6d87c8ed47394aff812155e439506cb4,2024-10-11 06:19:34.227887+00
49b278a2db92a970,2638bc3e3873407fa92e4c984fcbcab2,2024-11-05 21:17:45.271772+00
7103caa8247f238c,3ae4fb38c6e441538ca19c7770013578,2024-10-14 05:12:13.588045+00
69ea181b085b6487,ad3dcd8a197e4370a9f117c35648e992,2024-10-30 05:08:54.087257+00
39cf00e4adf06adb,c0733a7848fd4d5783632362ff5e36f2,2024-10-15 06:51:15.607894+00
738fb29b59c82f82,afe98c5fc9c245158a07159c068d241e,2024-10-15 10:38:53.699546+00
c8a9c3b5b1892e73,3a8243d5eded47c89eeda99ceac05de4,2024-10-31 10:06:11.207807+00
118b6531b2b4ca33,12886919e0bf4fc29af8c4dde4bbc9d1,2024-10-19 14:34:08.521344+00
79098a9677c1c7d5,29db1981a0c84d558e6c08a381dc3f93,2024-10-14 10:29:06.005183+00
bc66bd23d3993a13,78f302edea2e40d193b6b51819966cb3,2024-10-23 07:53:19.416849+00
66c0820f19b72532,92336455787041738f54c62cda9f0c3c,2024-10-15 19:35:48.862389+00
b2d1ee2829e734c6,7cb7a716419b445eaad0770cf8bf3f7f,2024-10-11 08:52:42.630885+00
e4cb677a50f15c38,edc3305c1a074be39c69485867300ea0,2024-10-25 16:50:26.139056+00
7a6ef336bb2efde1,4815b9eaaf0b41f3b6df0929d97976ab,2024-11-05 09:20:05.955755+00
ed9359595db4f223,59e843eea5da402bacd4a3765f7c2c26,2024-10-13 16:06:02.317906+00
8eec8b78e749a0a5,fe924ba5941a4d3aa641fd2876ee1f2e,2024-11-02 11:13:25.556841+00
3cf4f98009ee8548,9748b9f27b654b7cbc09fc40174dadf7,2024-11-06 10:47:14.717047+00
2e5d78718bed91e4,1d426f6d61224311b184bba4c6cd65a1,2024-10-24 12:32:55.436712+00
6dd75326012e3a03,c674df859f6445a686a50e6006131068,2024-11-03 01:26:12.527945+00
3dd320535329246d,ec91c19ee1cf432b9f645097a54251a5,2024-10-18 00:26:10.278556+00
49dfd57f04b19050,b2f9d50acb244bcdbeff9a85f69a3e4e,2024-10-16 15:57:23.395691+00
fbbfb22fad5c9955,146daafc361d41869cc7a8357a6b9c1b,2024-10-19 11:30:22.355459+00
713410aa38e86c8e,380854752161435c94476dd307c39b45,2024-11-07 10:27:26.119074+00
df07be3af662dbc4,834bddc2c772435cb521735fa4103937,2024-10-26 07:00:53.573544+00
1ca8968a5367bf08,0ff4880961e84e57b306535da26ad095,2024-10-10 19:17:46.364496+00
f826cc374c5f2cc1,9da1994b25c94297898ac94b58e9e4c3,2024-10-19 02:32:06.831299+00
7ed06d3cbf425a25,965dee866d2b46fabcf623c770924675,2024-10-17 13:29:23.327879+00
b12db7f8a20f43a8,ab83820b0b9a4560bf70c455d2cda710,2024-11-09 07:58:20.491479+00
cfd53bfc8b41e4a7,92f07d05e87841c097ef453ac5cd05fd,2024-10-31 02:01:46.201295+00
8adfcb67c8516fb9,1cb7674b016c4e8d955158f59e8ee875,2024-10-14 22:17:10.211215+00
e9c8566bec867eef,f79e68de6131453d929995811793604f,2024-10-19 10:03:53.832334+00
6981ff7c4793fb27,652b840b1d444dbdbb9ba32fb80b591e,2024-10-28 08:51:14.282672+00
8bb50258872d9c21,41d7dc8822cb444bbde61d8b508ffe1a,2024-10-23 10:33:24.818553+00
fbeaffdec51e04aa,6abf1b578b2447ff9910e59fdc779b8d,2024-10-13 02:21:10.715858+00
3e37ffe69f21116a,8ddc9303773047499d57d50d03c00ffb,2024-10-26 10:00:48.083942+00
0cdfee544bd4709b,bffff44f10024011a64f1c8b9c575fea,2024-10-13 22:47:51.804551+00
8dc2ffa11839b0f3,00fc299d841e4ed79c22e62b3b1ce136,2024-11-09 10:36:49.661059+00
c5fba0fb72ef240e,a060251bb11143408767cfec7ba07783,2024-10-21 22:12:51.156215+00
251b80269ce6a7bc,d26caa01dd174d10a1cf7c9ac2232706,2024-10-19 05:38:42.710209+00
9a8681deda40dd01,d0ac6d39e9544d5e86e691dde0f3a8c2,2024-10-29 22:32:08.830259+00
1718ba6bff22538e,8f286e2d06744a61b611aa24d78c41e1,2024-10-18 07:58:10.723735+00
ca22b4a766e70808,a24fe3a7a7704533a56423ada567be0d,2024-10-27 03:01:49.448463+00
dc31375013f00753,efe3d2399d2c490eb58e401aa097dbb4,2024-10-25 10:26:06.968166+00
90ee68c88ba160fa,1dda37fed144420982130d02fe875faa,2024-10-11 03:51:37.01069+00
b7749861e91b5355,e112941dc3fe463594e4c8be8fb0a2ff,2024-11-08 01:50:36.893736+00
0b11d0620f5066a9,e327c12f87ef45efbae3f0ae7fcff238,2024-11-04 15:02:39.669012+00
31fc7c0b8db4be6c,c743c64daf724eb694bd4b0cdc1c7de0,2024-10-13 09:46:49.439221+00
dc86d0eb8378ae92,6f27e1120bad400f9959f0a01d10f24d,2024-10-22 21:56:44.144752+00
0048884f3471270c,0a8def678f634fce8386605c0f954e13,2024-10-12 14:40:09.354706+00
395807e88728eea0,3430392b98f8468686fe76dbea3d18aa,2024-11-03 06:36:07.904636+00
e5d3e12ae11ca5cd,577f3ca6c2734da790779fe2aae8a935,2024-10-11 15:21:27.633651+00
5ee72a0f665e9675,6adb7f4b8e3c41de9f0d6229bda70d33,2024-10-23 02:20:29.915762+00
32b770db6944e8eb,3512922659324419926d10c9e87ae7cc,2024-10-21 06:48:36.59486+00
236c329697ad0db3,82f65187c46e4fd4ab0baa69265895d8,2024-10-12 22:08:45.283462+00
cb93596ef88260ab,122699637cee423db95c9d456bc19c63,2024-11-01 17:43:14.209719+00
4abe2d5de4301b59,e306833df79441b6ba488cdc3454c51e,2024-10-27 23:36:09.78149+00
71a32ccfd170fbc1,ae0cde77e7ee4c54bce48f3a6eae2fa5,2024-11-04 03:31:11.38648+00
724f26619da36d03,d2d23127efba4245b8538578f9e4e981,2024-11-08 12:33:45.143449+00
098bd36740d80292,2b109cf862464742b3da508c8f9121fa,2024-11-05 01:14:53.740859+00
7b05d66993890f9d,268737667bed498d99b2e54e7ce1cf12,2024-10-29 00:33:45.106757+00
625265512a9844f5,98308f1941c7420aa0a22ff991f2641c,2024-10-28 16:44:08.498408+00
2a3077d4d0c841bc,c84193cd19fa4f008347a6a2c49c64c3,2024-10-31 04:06:16.939061+00
108a8b94414b26dd,8019dce52cae49e88ac5086b0cc8e809,2024-10-12 07:41:01.537397+00
ab0fd661908458e7,8a73ba011cf547c48aaee138237c157d,2024-10-29 05:12:42.000404+00
b1620598a25c1591,003d8ba112414c12bb0391bf72cae7b0,2024-10-27 04:28:34.476045+00
20242dbe5efda95a,3170263296fd4776b0604405b0c048dd,2024-10-15 02:33:26.500133+00
a0683173368a75c3,263c33c1bf444d6d93ebc872309f2900,2024-10-20 21:10:34.381109+00
730dae539513aaa7,aca9a15eda6a4c7b9fd6defa7290f7e5,2024-10-15 08:45:19.475876+00
027f7873a461dce3,40caf68904b74b2daaa50f1326cff307,2024-10-30 20:58:11.455116+00
2cc9fb44f790cb8f,cb2b42694de04e69b623d1edd2861562,2024-10-18 07:45:54.608864+00
0597235a63550ebf,8ccbce140a7940809c28ca529309e45f,2024-11-04 04:39:17.218783+00
6004e4e211c3f701,a346586030a44336b13d6661715c5a29,2024-11-04 17:03:31.895417+00
96abee0aea3a117e,d5250c7ff6114a39abaaa7af7b8effeb,2024-10-22 03:00:59.85091+00
4c56e3a7be46e836,3e520b49c0c44fdeaec604d2f3a235a4,2024-10-29 15:18:15.991002+00
42c18dc21a17b5ac,e776563fa899476cb32c7a35c3fcfb55,2024-10-27 04:00:43.55699+00
ee25bdf89f8c86b9,af7367f959294159985e146baca5ae36,2024-10-25 03:26:28.162498+00
20f6dc44286f9c5e,5d23d51ca8a74e2d9125e3c505d2b6f7,2024-10-30 21:17:08.567069+00
2acfd40afe5f8397,d95192d69056411ea6197d68ce99faf3,2024-11-01 22:20:39.340427+00
173f9fbfaec394c2,d7ac3c4f98d2437fbc1b58a12a41942e,2024-10-17 05:21:13.766885+00
8a6ba9179eebfb38,b12b9857e18c4f4ea66f268130ee9473,2024-10-22 09:07:19.00158+00
28e4e0df09a7f1fb,0d10b7368a0c4749a11854a169aa0e7c,2024-11-07 04:09:25.254747+00
b81c15caea18cbcb,2ccca6569937434e9502218875aaf90d,2024-11-08 07:07:51.027551+00
b7110dffb8b73d33,26165cd69c6c4f18a24ccad839710558,2024-10-24 20:52:48.29039+00
ccc841cc42210711,d0a301751a8c4ad1bc4b0d46e6d94bf5,2024-10-26 07:01:20.258845+00
6c508ea4b1d5a807,681c960cd1d94a5393540dfe12bed176,2024-10-16 21:34:17.393805+00
fd7517928f844292,ebe28385d2fd4a1c95f69b9fd9719607,2024-10-28 12:49:49.009967+00
ef2d012cdfa6bbd3,44f73e440f51473e8a7a3e9bf67c7ae8,2024-10-28 02:34:11.631909+00
376e78a66fec0186,6daa6430557347408771519ea737667d,2024-10-30 17:31:27.442284+00
0d29b925bc69840c,f51e9dda228640a58c6f9af4944db667,2024-10-18 18:13:38.777769+00
4885050fd7af8ece,9e7e32168b8a46e9929ad35ffbdada8b,2024-10-20 11:06:04.689789+00
8de71a8442eaef0b,e760a29f6274443591406d0354385c27,2024-11-06 23:29:05.988035+00
06b3188fafd12a79,553da2d4271f4fdc80eb4022665b24d3,2024-11-01 05:05:16.433362+00
536fbc9780d52f79,aeb8ba2c55b74d1fbdd55df424671fd1,2024-10-29 12:07:15.959074+00
907ec6c3907e5bf0,5f80ad55f1304fadae9b9caedf7b83fd,2024-11-05 06:31:59.20927+00
256435f06dea4d4f,111921f513c8401685afbfa918953b19,2024-10-12 08:30:19.444238+00
a3530a28ef0dc714,a2360c8687e84d75baae7b15da2961d7,2024-10-21 07:54:20.164104+00
6937f7abbcd5dcc7,c8748d51bdbd42f69c0c9a8faf5cc304,2024-10-21 15:29:07.009831+00
c256c18077f37dac,4fc11dc3dc71469a9d693a6b0bd73381,2024-10-30 03:27:49.053377+00
ab8be9be09aefeee,c0b0fab9b0664f938ec5e94716bfc65d,2024-10-18 08:15:46.915007+00
e5df01954ee84eaf,cd0cbda69e884a408f4ab615da53a40d,2024-10-22 11:06:28.27391+00
7c51e8f2e54f88f9,818e8b1b32a548aaaa73637e73d6d401,2024-10-23 19:49:49.979702+00
04ed1558063c2dfd,439a8d2c555d42d480a067ac51c5f79d,2024-10-20 01:26:09.813617+00
bb84f8cbdfccbfc7,2c140b9e39a34a8489cb6a38b0f77ff5,2024-10-15 14:46:37.293226+00
0ed28294c29eb097,d58a51b25eea4de59b42010e528e426c,2024-10-19 12:22:13.533257+00
a12c77cf05e7cc26,6a555c769c234f609e02042f15be0f74,2024-10-22 20:06:06.385877+00
befb811fbb7f5cd7,8d3e8dea97154117a669eb7586063bb8,2024-11-04 14:05:52.117196+00
789625b95061021a,9654c796cec74c2abf517d4e86028b13,2024-10-17 10:50:27.817276+00
d8769890933dcf8a,74b0896e3bc847a1a748096e7e47e269,2024-10-17 10:11:25.348501+00
182b4e19f076b824,0d9386062b2e4087af777fa12a9898ce,2024-10-17 22:51:34.107023+00
1c8c8537e95fb397,ed65b290fc804f6c9883898159b1b79e,2024-11-02 09:21:59.640185+00
34f20c3fe78f53c2,6c2dc3a355394cc1a31d342c0d7aef4f,2024-10-20 16:24:12.182854+00
833f91ae29576810,1e545e30444b4953a0c00d51a371e160,2024-10-19 04:00:15.52418+00
d24910244de2f026,a82b709c25614c54a2a095e064a447d3,2024-10-12 07:18:05.942801+00
c465cf7a3e29fe22,00aa9323092544f4af9653233f62b9de,2024-10-19 07:12:42.454282+00
937ec062a99cb0b9,756aa7234a2d40d296b235fb314a6259,2024-10-10 19:05:57.978918+00
03d2387c37410317,9b691cedffc94e0685c2bf50eacc86e4,2024-10-21 09:30:08.894271+00
e870054bc2364baf,3ec32374168041e6ad034649b9dfefbe,2024-10-11 18:07:32.52027+00
64f556da51a4d352,9c3e2ae8f665409f81c7eeb2666377fc,2024-10-18 03:27:39.710709+00
fcc7d223340ef0a1,2d6d509e28394fd885322b5d22eea88d,2024-11-06 06:19:54.828384+00
68e6c7c4a26de2a2,d485b4d88e5b46c5a5b77e204a8ec8cc,2024-10-13 01:03:09.076837+00
fd5a3566ac129c19,abb7c6037b5e49098180e6c2ebbcebfb,2024-10-25 02:28:03.420563+00
9e7b7570f34eeb11,10f969dc7352460d92ad519fedefd009,2024-10-14 15:35:26.662956+00
52b317e753f7f580,dd4a0631d9b44169a8b5fa58ba464b46,2024-11-02 04:17:33.060355+00
2ca0b2ab0a17845a,c80a75a203c04edeb3e2e40113930a3b,2024-10-11 12:15:55.507923+00
c7d0f29d38abfd01,cad43388e555448ea743ace4755ac3a4,2024-10-29 11:11:43.752703+00
659c4404d71b5823,9ade69e5ebc34d3185b1da2333a7903e,2024-10-27 03:49:23.90681+00
4cd78cb4543de702,0d221b8410334187b23210773893c10c,2024-10-15 21:53:05.433754+00
689b9f99c1b64df4,8e7329487b264d5c9595051e5d0a7277,2024-10-10 15:24:24.188247+00
ba61ced85f511918,74f5d630d866432faf7d7540b3308b14,2024-10-14 05:52:15.468919+00
ca151fc36afea469,3bce7bda58a14a3ca2b7f0bb5414624f,2024-10-22 09:21:10.919599+00
5de80e9e07254b9b,1c597a5555fa44568a87fc90f56f2b72,2024-10-14 14:28:22.781044+00
92e10682c9ceb582,19c1cb6753db48d0a24f6a9aa375bcf7,2024-10-28 09:25:28.352607+00
a848e2ac9fb479d9,a986d17449a9449bad686b9435097fb9,2024-11-08 14:19:19.519961+00
bf962363b0981c82,006c51fa75524d80a19f5ea7660b8223,2024-11-08 02:19:32.286029+00
c21741ccdf05e679,811fe92277d54f43b004f25e29ddfc3b,2024-10-19 15:08:10.55714+00
3bf27c5fdfc6cf69,9ebc50aedbf64c39b965c730682eb570,2024-10-24 07:34:30.985021+00
6acef9dc9a2b7050,24966ddb5d2b4a04825e731a4f58bf6a,2024-11-02 03:43:36.924043+00
3f7acafec49c8e6e,498d9498ba8348f3a928944dbed88f8a,2024-10-12 17:56:24.189001+00
e9125ee829e9daf6,95def8039bbd4874a87d561dab05114b,2024-10-30 17:52:47.490247+00
6123085785a16493,cc9813e4719443d3bb1cab6f66b70e19,2024-10-18 16:55:46.64434+00
aecd2e1c0a85fb55,0d3459284bd74d578ee8b84a8f937e3c,2024-10-18 09:42:58.156167+00
fd4a326a6a810cf3,a218922392804f51b5b90535439a6737,2024-10-24 19:56:35.665052+00
b878069b8cb781e5,307929c748a04cebbf8c3d2849db3829,2024-10-21 20:09:57.311638+00
358b0b5aab33efd3,4d854d8e825643989806e6fbfe0798c2,2024-11-08 10:12:45.920841+00
8a00d629fe26f1e5,a124930cf89644a0827182d7dff03dd6,2024-11-07 17:06:54.735194+00
968633322c5ff280,a65aafaba15443ef8a57045495779152,2024-10-11 05:16:24.082183+00
81d72650d6515e6d,b21cfa4f410b4fb5ba28d20e8ddecadf,2024-10-19 16:11:55.332838+00
2cca4603c241d1a6,438f0f2c27a64d819f0fa9f7b32bcdb7,2024-10-22 19:28:54.353916+00
88bf1e77a976097d,9fa880e6e5b241ae90b1c290854e9478,2024-11-04 07:06:54.951143+00
00847964fa97e3dc,52ce9efa07454290a3c467d3478bafd3,2024-10-27 15:16:27.683384+00
1115ddb83b2aefb2,5c3a72514cd64ec7a866ba3b62fc4e17,2024-11-08 13:00:23.935183+00
10ed334b4d3eddfe,c593020b7cd44e51980468556d459097,2024-10-27 17:43:24.144648+00
1fec9aa31116bab4,8ac1f76bb9564122857b7416f58d783a,2024-11-03 19:13:13.389122+00
27548f03c22ec582,6433f42445214e7cb5ebab7ae8251b66,2024-10-12 04:31:39.15532+00
1a9c63d9b6f84dd8,7ad867104e194277ab38041019706a6f,2024-10-22 06:09:08.297655+00
92691aef9de0d6c6,396863d4bc58439b9f8dbc849e470084,2024-10-23 04:39:06.279578+00
8f6c0bb2cf7b4eeb,ca11e9aa9c0549e9a3d1ba697bb64bc7,2024-10-31 07:42:54.024863+00
828f219640696883,e5d7690ea5cf47339e4c4b9271c88766,2024-11-05 01:14:32.393474+00
ccbf95790aace4d0,901da988864549a89b1ba460427b5954,2024-11-07 09:05:11.104611+00
927d792c5c38cd25,afc2189d92c44635a8f21a7319248524,2024-10-25 13:48:40.892734+00
0da413a01c7c13cb,e805519be81d447ab0ba5b4c9ee17ba4,2024-10-19 20:59:57.281278+00
811fe06b5789a40b,b18de0bf61644984bd41e7e17242cfcc,2024-10-17 18:42:22.201187+00
b1cd3eb7a3f02c1f,c244c78aeac6411aaec607846e63d0c6,2024-11-05 16:48:04.691729+00
83a72f972bde5cd7,5a53d82c15af4adc9870fe062b9ab4dc,2024-10-28 18:10:38.532719+00
7dc435146643bcd6,ecb44e2f8a2b4c639e1b24c35db1d6af,2024-10-18 21:49:25.306472+00
e723629c23872236,1e697445d8bf4961bd19546c5404bb52,2024-10-26 08:15:57.192766+00
dd5022b24d1a52c0,7736501ae2a74b929c21e4d10c0a5ee0,2024-11-07 10:42:48.977873+00
c14c04847e8332da,8f23567efd3b4763aeec0ba9097e0e4f,2024-10-15 14:29:57.420549+00
a61693f68be21808,f7e071544b7a4c1aac411383c2d61f7d,2024-10-24 07:48:32.009277+00
8ada3c02d44f7965,d52f1e24ecec4938a294c0b447271e17,2024-10-16 07:55:06.309912+00
826b14a2384bddfa,b54d93818a064d8bafa0f287dcedb7ea,2024-10-31 04:29:36.871441+00
7fecf4ede036c8bf,7127c16fcd9249d5b49c1b4976abdc47,2024-11-01 04:54:25.982524+00
99deeefa8a2e806c,dac3281d68dd496293b65cd28f4cc296,2024-11-01 01:44:21.115597+00
38f245809320cec1,9bca58c464264239b9268c103d9dfd5c,2024-10-20 21:25:51.202415+00
2bf15abcddaccd6d,59b1e4dab2c74ffcbaa9ea870a35d9a3,2024-10-13 10:48:19.29015+00
9b2589ec7d941e10,471afad9fe944077bc58de14ef856574,2024-11-06 08:40:26.87865+00
ee41d83d0e4edf42,98a938e4414042ae987bf07d6e5be88f,2024-10-19 16:58:41.321548+00
1f64d519ea5a315c,64da2c7039b94b7ea7dadad9c1e656e5,2024-10-31 05:16:53.560759+00
9d3371c09366ceac,37c03a13b1ae4ae690733e35b65e403c,2024-10-22 00:06:46.270346+00
65afe63dbc8798a3,81cfc4b67f3c492e8612139dfea242f2,2024-10-23 23:12:54.733775+00
78ab40d54b8c978f,486f22d24ed14ec9a5c08d79ef092a1e,2024-10-26 20:44:55.504137+00
92b59a1f14d87b9c,6fe0c1750e504bba9456ff37aacb2fee,2024-11-03 07:51:40.159561+00
f74621928adddc9c,413479efb13c474fb9b11d6b5917022d,2024-10-21 03:39:27.428614+00
d27c251cd855e1e8,bc67738b26544de1a779173d8dd98262,2024-10-28 22:06:10.972987+00
b86fc100c76ba0a2,2063da5f1e0e4f63a655ecf60960b8d4,2024-11-03 22:59:26.675085+00
4ab03c0f8f9d46c8,bdf9946c8e5742eead9477e436a6cc1b,2024-11-02 16:46:02.937264+00
277e307174d6b29f,3207ad7f38a94be4992b66d07c9030b8,2024-10-20 12:28:37.629531+00
2c792daf1df1bbfb,2e48b2ce31f74ee19fe5f40bf56923d6,2024-10-29 10:58:11.6987+00
2c50ed479f22762d,176c2643ab984668abe7a23ee6229637,2024-10-24 03:18:27.175264+00
51dbed73c601efd1,941e88d9f5ca472b8074f48455386844,2024-10-26 06:37:18.572727+00
9ad8c8b2529d8874,498466c44ce7493990d774e79b47906d,2024-10-17 01:46:49.200397+00
5dbf1185acc59f84,180731a1b4cc4a1295a3e6468d753e68,2024-10-24 06:20:33.172106+00
033ad4adb1421097,1396e813ff154dfeb972c6baf9b1f3a9,2024-10-24 17:24:27.76285+00
9f87f806bce04738,7fcf682a540341fb95ba87340a8a6491,2024-11-09 08:56:31.056696+00
14d6b867568d7f4d,2edecd8f12734e629100e446038aaaa7,2024-10-14 07:55:33.148306+00
920ba35c48f765b0,ad934460f2cb4b95889821f0c6916172,2024-10-20 07:27:41.577104+00
3211f5105dfbb6e4,40c8bcdc8bc44eb8b5e2eab4256a4443,2024-10-11 18:44:04.792351+00
df2260eedfcdf804,3786ecc190554ca89f70bab1c1825e42,2024-10-23 06:19:29.565144+00
272a711c87af7318,18473f3df9f34aa881c50fcf7e8fa637,2024-10-28 07:33:07.156629+00
927a834e3cd18468,caa3b7dec1964fe2a3762faac2cdd8cf,2024-10-13 10:28:30.146087+00
59766fc2b02c5859,e3cd739eb31749cc8d3611f90fc81a41,2024-10-17 18:45:41.197885+00
d87b9c1bb710486b,e9440ce92885432992da002ce866fa92,2024-11-03 18:37:05.31214+00
be424e1958d75d71,9c5294f4dea64ffa8296dbbcba495762,2024-11-04 23:25:41.18295+00
8dac79eb2c880582,e0d4d84f4a0d414fbd9fe2c48fb41a29,2024-11-07 02:08:40.664044+00
5e6709c613b53c79,a29e1bc9f12f45578730a875ebc0e79c,2024-10-11 15:41:55.743663+00
46aa8fb63c7bd169,ceb6285a83a04559a7f240a916a7d1ef,2024-10-18 13:54:52.432404+00
54584e19dd1a2a1b,680a2ca1ab5441c1afc244a4d1d1d746,2024-11-06 06:21:25.467716+00
74d5fbf72d4d093f,a2184c12494349cca672fdbf4d912ec3,2024-11-06 07:40:25.259484+00
bedd98bdbd5a07ab,ec3a325988674250bf6f229fb8a4fa2e,2024-10-21 12:13:13.854037+00
d89ab050d5f0082a,a5082a0203f2465ca007eecf07f22941,2024-11-04 13:27:12.030916+00
9dd8e2ed003f4a55,0665464a35a74fa3b83b9e06c75eea3c,2024-10-28 17:24:28.656218+00
d269335a16f0f18a,f8f8b362917b470097f15109b2620852,2024-10-27 19:47:36.734166+00
c8f93d17f5ff800b,641168fc2feb424caa5220f8211854ec,2024-10-15 17:47:55.449048+00
e5aaca4ad3cfaa47,3230d222e6394117bdc32c15281f01e0,2024-10-14 23:56:57.940491+00
217180ae9f36b05b,e521989c0d3742f08558531951ca9d15,2024-10-19 01:34:13.596769+00
e3621e8a33b18f89,1258d914dba84e80a9586a0a27d0049b,2024-11-03 03:23:00.216877+00
1deb74f5b4ba14ab,80b85ae634364d4a9190995c383143fc,2024-10-25 17:06:27.019855+00
e86dc3c39446b917,31db01d3cda840ec957d021d64787315,2024-11-05 21:21:03.003002+00
22111aa08942617f,06f404a09b164207909be935db923bf3,2024-11-04 02:35:00.129646+00
b92786224f752804,b145d1ac70b845e4ae7a3b94a28cf880,2024-10-23 13:21:43.174747+00
6a88966db30427ef,b78a93b322214969924c2bdbaeab2dc4,2024-10-23 03:41:36.554417+00
ccd3826630b66da7,b28e1eed4cb94586b9a2fb7276ace2b5,2024-10-24 10:39:41.224878+00
1fcd73519535ff1f,876cc76e636145849ec438df3dcd08b9,2024-10-21 08:56:04.279319+00
f0c0552dc4b3565f,8f3af7a9307647a6b37fc922b57fe9ae,2024-10-22 06:14:22.991796+00
3ed6286314768e25,c240dfb8a68d4ccaa440130003e2f94d,2024-11-05 03:50:58.613225+00
bdcbd902b8e7c068,02c457f58f934b848fb2038aea2ac193,2024-11-04 13:17:39.751982+00
7a3f215a2d2ab796,01f8f91f3a9e4d848b8d2216ab62ec94,2024-10-31 11:27:44.839994+00
d962e8aa825ae3cd,a26d03ea99074f9f8ee284a975b37b74,2024-11-04 22:43:41.564691+00
9f894d633640e8e9,9c064e57df5a447ba8d26e93f7cdd6df,2024-10-15 13:52:29.67648+00
74ed19d3528ec2b5,9ed30f9d723044eab5082190453ae0d7,2024-10-11 01:44:59.161815+00
0cbe77e87de84f57,894e628137be4b4da674f35b49f42f57,2024-10-26 06:44:57.053583+00
a5d611f19ebef898,1ee462fdb5ba4694972c3bc02f1f0588,2024-10-23 19:31:57.759374+00
d401eac5ad1733f3,917e122156254523bb648c2fe68e4efc,2024-10-30 20:58:59.167415+00
464d260328afa848,71654da8fa1b4d1ea89d6f1cf4af0c89,2024-10-12 02:43:15.102387+00
2176d55cda1a9a64,04387869550d45c7b7bd29e07ad9238a,2024-10-21 23:12:49.499297+00
392fcad81da722c4,5de966186f744f6d9437f470dc915031,2024-10-24 01:09:26.254197+00
e5f29cfa4a8cb04c,acb3107ffbfa48498ae0b7437a653a7c,2024-11-08 07:32:47.793645+00
a6e4e2305001d17c,f007f988d6024f15aa760715f4996e53,2024-10-25 01:35:41.024575+00
b731c7dca9e1e0d9,7a882042620f4de4932fcb5c823884aa,2024-10-23 02:13:38.744912+00
1f372168a99035e9,63a424f8b96248b9a6799de82753e38c,2024-10-21 15:33:45.872331+00
b7d48ec172596fed,3bf0ada07b1641ca86dbe1c8315b84f2,2024-11-08 13:41:48.9224+00
37e7a49aa0287bfa,8bd2b3236ad944a995a45401b118e1aa,2024-11-01 08:40:39.250567+00
e0b886c14e9b96bf,a4e9fc4a848241ae8ce9f5bc6c622a2a,2024-10-15 19:44:23.431718+00
1e8a6d1890fe2d01,877fcb34126142ffac7ff1dcd1e5603c,2024-10-13 01:19:51.710767+00
241799a229672780,74594e11077944f59e3f9391f54cd6a4,2024-10-10 22:34:14.385513+00
eecc6bb7263cee4e,4de37562173e451cb2c391885c5ae642,2024-10-10 11:36:18.112062+00
46cb95226ebd8551,935354c0504943049cd0806fb1872614,2024-10-12 03:54:43.915981+00
010bb60022a7f8ea,b53256583ce545259e564d57b751aad7,2024-10-24 22:53:42.236012+00
d69ee72ea06c0b4b,4d2345b8cba442bf88233e6043809905,2024-10-20 07:32:59.438823+00
3ae47d2953728df1,e0db33c7970649c39cf1067ef4d90bab,2024-11-04 01:44:39.377294+00
33ae8c83916bfe5d,3701961cce1e4a97a0528a866c4fd680,2024-10-29 03:44:57.507956+00
7f1483d7380e6e74,a56912266f734050a83d01993ba9b90f,2024-10-14 03:35:37.962723+00
0a766ed6747c54dd,4f769b29c52346079ed6f76cbdcc6934,2024-10-21 19:03:04.146971+00
81ecb69c05171c49,c0ee724de9dd4e0495b5f447b3a1da2d,2024-10-10 20:56:25.932928+00
fd60b21f87b8a9fd,451723c38aa543faaf9f630e58d71bca,2024-10-12 07:58:46.285061+00
71c9ab9ace4c8c16,7af7c2d36194491397d97d5fcd058066,2024-10-26 23:08:37.351206+00
9987b13732b4c048,8ca3e2a8f4ee4a699d7098635d27a51a,2024-10-16 19:03:04.236978+00
8ee2a72d29928701,7b1a553a3d69432ca0612b22eda329a7,2024-11-04 05:55:50.206708+00
010c3eabafd131cb,0a533d75dd074402b39071de49eb0ba3,2024-11-03 23:11:39.404281+00
706f3473ac993af0,28b5488abd0e41f8b24b82707bf582ca,2024-10-17 02:08:26.961937+00
0cc30ef4655ccc72,f90a8c3985554e02af3469ce4a428232,2024-10-26 21:40:14.561904+00
8d22e4ce6f532b01,1fb23ef2e299404685d08c6a97315d2c,2024-11-08 04:45:54.258655+00
392c662864aaea54,21350c6776d24c938e372f0ad1bd222b,2024-10-17 01:46:06.132014+00
ca431816d23d7845,c1cd431aec6f4005b8afc8efca607d08,2024-10-18 21:01:19.069551+00
cfb9912089b4186d,05a04068e3804a8f823894c71a09f547,2024-10-23 01:13:40.984454+00
6ab3313b893c142e,5b76f0c2bb174b14af4e10c7a6499eff,2024-10-14 06:50:54.550249+00
62629fa06aef2a03,7c3719d490bd4bfb9ad2d2f57f19947d,2024-10-30 00:18:27.562432+00
e3f60180b71e69db,8bc608a0a96e4205a093646aceac2d28,2024-11-04 17:01:10.831344+00
9aba27402bc0a025,f5439444929b4ab5aa8d440ff3b2f8f3,2024-10-23 07:53:13.603333+00
134ab0cb0c9a4d24,6467e9ef9cf2484db3a1c87c35b4c5b8,2024-10-21 15:10:10.723277+00
681cac049d1de50c,54b6e1e5bf1a485ebeea80730be4fce3,2024-10-22 22:45:29.86825+00
fedd9caeedfe6a02,5ce81c1487fa443987190d4ac29e8d8f,2024-11-05 21:38:52.165136+00
5fdb6b439ca157f7,a0045455751744058fb814fb94c4d813,2024-10-11 09:48:02.355927+00
a5c0b70ab1b99945,1505f508e0a341a8b24bebff1a6d4ca0,2024-10-30 14:36:54.490868+00
4c8506c380fc9d9b,73b3c8ae37504a44bec07b51aeae23b2,2024-10-25 13:43:15.471168+00
caff67bd5fddf389,ef71775fb35d4da081085e4db4940be4,2024-11-09 10:15:08.490268+00
deebf62d466a4f3d,0635c79f66bb40e0b1f1144ecf2c253b,2024-10-23 00:55:32.143399+00
10055eb73c4fa585,efa062c8736a4ab7bb4382cdc9528224,2024-11-05 16:06:09.487867+00
072be67640276c90,9c4a23b6c1774283bbd366df54c837cc,2024-10-29 08:27:00.409339+00
9b2c6c6a57e36760,deb0b98eedd248aaa86f385c950c8d61,2024-11-06 18:25:40.73231+00
dd2d40c9697fb409,8a2ed81a066a49f5aa06032f597dfb58,2024-10-20 04:44:51.361491+00
a786306ca3a0a4bd,a331931e0f6c42d597813d88194cf766,2024-10-16 06:12:58.088551+00
cb215e2adf6b5e5d,fa65a20f777b4ecc97b67238d623aff5,2024-10-26 03:15:46.158197+00
e292eebb6f2b6754,ca103b25d4af4e8891dfbb68b6b0be78,2024-10-22 18:09:44.051014+00
b88ebafd3744a443,bafde5a025774a23a2c08cd67c816ec3,2024-11-08 09:27:25.383523+00
6546803dbcc26049,df814a68d14845d9b53a7eebc14e7b69,2024-11-05 01:02:06.000787+00
169c362b8dceaa42,671ca1f87c5646fcb21896f9cb062f74,2024-10-14 09:23:37.676221+00
d1564b7462dad7f5,a266ff4cebff4d0081fe51f2438c6dff,2024-10-13 01:51:51.647836+00
f43daf42f7a6bb09,eb151da69b184940903bf515002840c8,2024-10-14 16:14:54.185589+00
5d08878a26a7db63,8d7527f49ae24d4794fff20a5fa49446,2024-10-29 16:47:58.349477+00
3acc4ed3001913f0,36b7d07369e64786b5052f704908ec93,2024-10-31 09:29:17.812041+00
60a6ce16d85e1c91,daea21a2910d4aba8d8f204acce0e6a6,2024-11-07 00:42:01.885994+00
8bdcc5b87678b70d,bd25db94a6574f2ca49af35ed54a22cd,2024-10-20 21:03:22.739882+00
9af3a6c2094adf8b,9178d0f67df8441fbe1eefa0bb0b819e,2024-10-18 15:41:04.89663+00
eefae1e0e2d3ad14,6c4aa9f72ccb482abd9f7c94a7fa3c05,2024-11-07 04:26:38.187833+00
5ea68051f123d9d2,248f0bd1ff11485bb9b6c9eaba2e918e,2024-10-11 11:08:10.110367+00
36bab350677afdcf,97f812bf6a2940eca323c20a43d8ad93,2024-11-07 04:58:19.03508+00
ad4c614eed656cc9,a0ad638859da40a5801e11a21ba8d8fe,2024-11-01 08:45:17.000102+00
098e5eb48d231b26,65e00b5200fe41fb9bcc555ed87f63c3,2024-10-29 06:13:30.797319+00
393065087943323f,6b5916112b9e43eda912d4db3c026b6d,2024-10-19 20:02:17.289213+00
a758716fc8c9777c,f8a417a06a4c484188318eb7f9b2cfcb,2024-11-02 02:39:47.257901+00
79d1c2230a1ad6c2,f15774cdb9f845b689e267db6e56f828,2024-10-19 20:59:34.373373+00
21977aba45a22a5c,d9d41a845fd84805bf0de5430a60456b,2024-10-17 07:09:29.850746+00
3c7aa7af7101a3c0,6f1ba6e9ec6a478bb409d2eac71c94af,2024-10-19 12:59:23.964158+00
ed9854ab64f380fc,faaa5d12f354451bb9d9e0f145d618a2,2024-11-02 22:55:58.437778+00
ee71d1903f1273e6,b9e2017940124319bdd3d35ee5352237,2024-11-07 20:57:46.050129+00
23f211b235e94b39,6a35f232015741bf87069b29a8152ec8,2024-11-08 18:47:20.749477+00
cad592a070145d4c,8e72b0fc4a154cb6a7765f3c5dfe30f9,2024-10-14 04:57:26.081257+00
85b2af267ce07411,bf15ad0104cf4f99ae855ce7f757d51c,2024-10-21 08:41:16.112073+00
16b0f348e6c1d361,ae277b69f29e45dd95652cc09a967e20,2024-10-22 15:33:59.373194+00
0adfb6dac9171e60,029db2417b434b7cac2d77ccca7b814b,2024-10-30 03:17:07.73187+00
28741c5204f56e12,1ab0861497404371b70822ee82636c2e,2024-10-12 07:25:50.479458+00
9fc0b3c50d02d29c,558e3a6f60be476a87fb90bdbe3dd09d,2024-10-26 23:31:30.37248+00
9a25da57805ae69f,21fab179111a47f4b1407a23a902462f,2024-10-29 18:59:11.766864+00
21a00f489bc42a95,c6f19d6ca9d340c7905ab2c82d978814,2024-10-26 11:52:35.560547+00
2d61f17a92179e53,5ad9160db6d842d687d2c2b6d1d04fd3,2024-11-03 17:43:51.60574+00
062b1e1055d72282,728392919ec74782912efba7da71c813,2024-11-01 01:00:53.412096+00
29b4e2db8dbaaa8e,613c4dc38a9048dd8cd689b3a694373b,2024-10-10 23:58:26.945245+00
6dabdcb0df2bdeac,d5305c87399846c584eaa1009efab7df,2024-10-15 08:45:21.240177+00
c9937ebaa5f80029,3138b98f6a7c4a4e87c743aed38cdc01,2024-10-23 10:28:22.119975+00
9ef6526fce66cd4b,7e600fd6da394b8f9711f442514a9fcd,2024-10-18 17:45:02.770603+00
7932059e9e091450,e9b78400327842f2980d92747054ae5f,2024-11-01 13:59:52.357741+00
12f782f96ad85924,5ce3780b1d5c4e20bfee5b9c86db2f3f,2024-10-22 08:11:25.78497+00
364871c70ab39c12,a6657fcd61614341806b661c35d4ca44,2024-10-11 12:43:02.206141+00
803b4f3bdfeb1bed,fe4c584171e44eb1a33c7500f071ff38,2024-10-29 21:09:42.050657+00
372a9db7037bc099,f979fdee84d64a5a9494e6c2dc6ed1dc,2024-10-15 01:56:19.558947+00
d4345a2f78d25818,70ecc6c0c8984b4cb03307ce96a46d99,2024-10-27 21:53:08.653815+00
d2383177284ae738,e5c3dff21ccb44df9d2129d98a321c58,2024-10-18 12:20:35.834839+00
5fde0a6775b10412,d2e763e7d5404becbb9822d112487d83,2024-10-25 11:29:21.770803+00
4c1041de3c8102bb,4f00ba704f8c4d74810c6a19847f56bb,2024-11-05 23:29:24.611702+00
dd8ff57e5c22003c,d5e4fed21b85468a94af3eaffd4d4d26,2024-10-26 22:21:56.314637+00
7a252d0f912ef03d,edc833857f144d2389a574b5163a97c4,2024-11-01 06:39:06.612455+00
be1c15ce9d213b42,dd33d0651118412ab3487917ff6a8734,2024-11-07 09:53:45.1084+00
6d46e510de91c646,7a292c97bcdc45e38881f35dc8c6f686,2024-10-29 09:53:07.339186+00
05c7c23a2bcf9b9e,c7b12836bd0443109715060c745d2524,2024-11-08 19:27:02.194994+00
b6d5be90a38e2f5c,dbccb7394f374b4ca95815ce59b9e372,2024-10-20 07:50:29.340155+00
824fe94088ed01d7,fe36481e9ba04e12b42afe211fc17d47,2024-10-12 04:34:31.867629+00
713142414a30a138,4f7f351ec8224be7b10c4d626fad2dd0,2024-10-23 08:50:27.236049+00
4ba55136b6464a8a,a2479fa78afa47df97ad14c42379dc59,2024-10-11 13:15:38.26984+00
d6e07d046ed5025d,6f3a300bb9174ba3927a07d82fe878d6,2024-11-05 00:46:25.176261+00
0e269dbe27629b85,bd487ea0c7b743b9aff79b10ac1d3818,2024-10-28 06:04:13.054046+00
8b3459fd7c37ccc9,e13ac708c79d4cfeb9691f425374becb,2024-10-11 18:40:19.342881+00
6dcf7f634c6fc342,53c27d216886434abad972ec3ac99912,2024-10-31 09:48:25.596024+00
7c8e43dab900433c,6c97c490c2114f4ea074dfce1064f686,2024-10-27 21:49:39.831731+00
5061e450f6e04578,34f1a2ce5cbd4587b2de9898e508b226,2024-10-31 11:41:19.256564+00
08341bbb14f74002,35ca276d9e1a4505bdc5eda6bb472e54,2024-10-21 08:27:59.574704+00
4aeb5f267f16295a,75ee679ff7654bfb8c573ced6ed08141,2024-11-07 22:19:36.738487+00
2a64c33dcbae0393,b3ed6bd8ec5f456685e3edb322595639,2024-10-13 16:41:14.568734+00
ca94bc8536a72490,968969ece9794fd68f4888c5bfae8873,2024-11-07 04:13:16.657783+00
7f5bb48994b84ee9,f6c5976551ae4ae480942c35d1bf6174,2024-10-24 20:14:15.926228+00
afd4788674b5f092,40a0e933be7140b3a60334a203f19316,2024-11-02 16:11:02.766699+00
18f8068fc98b45da,132c0bdd7a6f45f2840b301e3c528977,2024-10-12 07:34:43.243777+00
e8dcf30be112fcdc,6a7c9743b2b54a62a995bb685e07ff7f,2024-10-11 18:47:52.677184+00
4d01119b70ea54cd,462617464c8941d5ad7c33e67fb2770a,2024-10-10 15:40:19.920496+00
2a172bdb03bfba33,29ace047a5904032866662fe378d1bfd,2024-10-31 17:23:01.352887+00
1c123fc45842a775,d48f379fa6ca4a3586f2d7cd0a24e845,2024-10-27 06:29:58.677796+00
91e83ebc0421bd97,02004216464f41fcbfb28ad14a3b8926,2024-10-20 22:05:12.290344+00
cc5f57da15f0088c,e7cff548a9284758bc5f0e9de85ca73f,2024-10-30 09:16:33.589464+00
8b9690c3faa8c86c,a32d35d2d78c4fe19536ad73bc38ea0a,2024-10-27 13:41:58.677086+00
b6c0ce5c4497472d,5b6cf64ed14c4042bce8accff0cc118d,2024-10-16 17:47:00.795157+00
1704f53909041529,40305339142a45d29f6a211798f28905,2024-11-01 23:40:12.55573+00
f53222c41001fb7f,2c0784907bb5484789381c339a309dfe,2024-10-30 05:29:04.820788+00
00190c166c8da59c,696186c407a54389b67a1bcf10601d83,2024-11-06 10:40:57.087429+00
05f4ec60cdb75e5d,789d69fc64934d6aa7fa8bcd964408fc,2024-10-16 07:59:08.183502+00
653a0c94ea88896f,42e97bcdcea74ae99721e17ac9f0066f,2024-10-14 16:56:06.78676+00
b7796460da98cb92,c92d6196f2b4406ea46a411db7ee782d,2024-11-02 15:05:32.082032+00
a0c78a0acd44e393,3c18896b3be2447d9f70e2266153acfb,2024-11-01 03:25:19.326859+00
5c6188ca7cb68573,12696d1d8b2e4b128a54a99d569c7a43,2024-10-29 06:56:15.108688+00
3bbd3ab99050c691,405c5f0a21d3434ba81f8568431b46a7,2024-10-25 11:25:26.846175+00
2cf325f883e68068,0f73247dd0fe4af58b7577e0f4d0f41e,2024-11-05 10:54:24.152687+00
ddc2db63138aa2bf,dd0a0c3d23424d87853da25e1a6f7907,2024-10-29 14:09:38.143414+00
f7a339b82e0109ef,b469c2ed4f824a6eb792f94f084f569e,2024-10-22 21:28:44.946666+00
1ed95cebe1f70e95,6f2ff6393e8143f88ff8354f260efbb2,2024-11-02 14:22:07.184995+00
77108f072739d067,b2020cb6d4574e50a2749e1ff4b2fc94,2024-10-15 17:22:29.165053+00
f28bd6256e6dbab3,f28e54a23ddd416b85a4df27677b15a6,2024-10-30 08:13:58.980227+00
6cde1d9fd330a60c,6eaa67fa085b45e1b1e17891df97d341,2024-10-11 13:46:35.162311+00
9b13822a7e4dea03,78cb50ea96444e5380b7a9d4cb8454fc,2024-10-14 05:24:55.43776+00
1bbde3832b164330,cb8f3411b4b446e19f57a055dda3fcf9,2024-10-23 03:01:56.950611+00
45a3875b23499838,a364534b761e49b99ae6da96d5f23208,2024-10-25 19:12:14.939342+00
f235300dcdbe58ca,2232efede8e2496c993bb31e4d7b8145,2024-10-24 05:41:32.403276+00
bac9774acdbfc394,7e65c417cb0242cf8be96ce20ebad1f9,2024-10-28 20:31:21.187591+00
fff6213890a2f346,2824bd0388e5463abbba441b1cb5a902,2024-11-05 10:20:37.03272+00
b5546734f1fbe0c2,ded53aa66e954bb48811735f5ce4df53,2024-10-17 23:01:05.403792+00
f65416255fa59fb6,116406a05e664f778dea62dd61beaa30,2024-11-07 10:48:29.214871+00
bb54581e98571281,f8056cf4bd8949b39e927a063d318467,2024-10-12 08:30:49.747302+00
061589ddd68ec7fa,f63de01b6691428fbcc6d2761f9d82e4,2024-10-28 13:41:42.654996+00
67fd474e75dfabfc,2efb724f05f64cd0939f2611b97b9621,2024-10-18 17:11:28.650382+00
3eae18aeb46678b8,cb47a3d054614e18bfcfdc25e6537dc2,2024-11-01 04:49:57.936176+00
dc8f6fccb5cd4dfa,066719043c7c40e48b3ab54f6ed0264c,2024-10-11 01:52:46.054089+00
7ae522c28218b9bf,03a7dc1b49b3424cbd1b5ddc22d6d414,2024-10-12 20:32:03.068666+00
380d67e174b27a3b,80fe296ed0cc4e298e4ee02e95585b07,2024-10-19 01:18:55.159108+00
f998b0317dce5cd8,e79c65e88aba4457b35385a4b91af0bc,2024-10-15 03:29:43.212254+00
e866ce9da049868d,b23fdfa7507a48bbbebf60221428ea94,2024-10-26 20:48:22.393188+00
1cb7dfd32b1cb9ed,a9c9912d8f8041afb60e792772d73359,2024-10-17 10:33:29.439896+00
75094d35f6f8189f,b5b1872e9c164089a687b3075665c7cb,2024-10-24 14:01:42.33811+00
3eb0aec7b34b92da,52d59c70bf2740c4b45af43565aa2dc0,2024-11-01 14:09:28.311169+00
7944d44880b4220a,a6c0caf0ed784d33ae570c3511d0f4ee,2024-10-28 04:47:19.343557+00
fb696dc0a1f4bbd0,4cf955339fd04fe2abe6925fe1b31552,2024-10-21 19:31:35.182491+00
d034c3c717574105,84aa98cfc68e4a4abd2b6e60598eccb5,2024-10-22 18:25:42.000041+00
3c755c8a24154dc3,e2f502eb4fdd4142a2ccef2e901c1be7,2024-10-29 20:23:58.229393+00
5e5cbacbf0d83022,78f747290bad4a0abacd3919bab7498d,2024-10-18 18:32:04.714364+00
6caf1fb7c8cb355a,664c2542a39e410da4ff5055b0ffddf8,2024-11-01 15:40:19.188263+00
8cac353d406502d6,abaf9def3295466a860abd12b7bfc30c,2024-10-18 22:48:51.438595+00
b5ddfe1d0d050d36,747b453c16444d1386cb9c9622b6f060,2024-11-09 09:11:03.472621+00
121c300eca8da7f3,86c22f36693845699306679d7270c97b,2024-10-31 04:20:29.558303+00
bb72c22fce4caa40,e001f0e831bd443db7f9af3cd8810e24,2024-10-11 17:54:09.2301+00
4e289a4875aa856f,9afa20328a534e83ac7f93c627af7b5e,2024-11-01 18:26:23.778945+00
ed59621b7062e81f,b6d6568f839e4e85998edc93201ec3c5,2024-10-12 14:39:37.50815+00
09dcf698e9a1d7ad,532439373eda46dda6ad064f1b04de6e,2024-10-18 07:49:33.302617+00
039456a2e49564af,711aa07d2009429ba3829e1de29603d6,2024-10-27 03:10:21.653684+00
da627321935f47f1,5f8e1b177a3d4f66a11ff3fe3bd46093,2024-10-17 12:53:32.85895+00
aa34b68fbc87b7a0,61dd993fe8ca4768887c37eebae2647a,2024-10-29 18:44:12.571745+00
2feb3ee473dc9cd6,203e29f24b834032bd9f7dd80f0868ce,2024-10-23 11:13:23.99837+00
e9ee0cd55fb7041d,ebf03cf035664637ba44fa6f8036e226,2024-11-05 16:50:17.260272+00
3d51293b79b421b3,b8e8fd1a40644b3f8b9e668a3d2e90ce,2024-11-04 19:30:32.698927+00
84f9d70a82aa1d73,e537b4d61ccd45e5b303a82be1cd27ab,2024-11-03 19:58:48.752945+00
46066c775213c121,9817cc7645ec4bca9dcdc545f6006512,2024-11-07 08:25:26.496908+00
cc0550e69c88565b,70410c5b19634df799ddf2c36214e5a3,2024-10-17 05:42:58.67563+00
399980024540c643,0058d749ee054b48a358d604757b94b9,2024-10-21 03:42:06.264568+00
c2e7ccbd55192c44,60504d0db38b42a8884d1199f0b59a8d,2024-11-08 02:24:08.285495+00
753bc4e5f990192e,522cc93d24ad4819ad873095eb660517,2024-10-26 15:11:12.733357+00
99180bd515c517fb,db0e942d69894b2d936a9a5329f5fc16,2024-10-16 13:33:52.077734+00
e6e3ead9eefe3e5d,8b4bf50e28134b77b2f0985038bfe303,2024-10-29 17:21:59.439495+00
a71320bb137d8fc6,0dea9a21c92d497aa242e4539a64c75b,2024-10-13 10:57:00.477969+00
171b80decb559aa8,18c4b6c48f0547b0ba45449eabe93e46,2024-10-28 01:51:34.278464+00
36b6b28b83312cda,86590c1b333e4d2d986c653cb8b3d6c3,2024-10-31 03:34:25.823245+00
50432204b0cf9f8f,b9d0691db144481f886af901d4a711b6,2024-10-22 18:41:56.820254+00
bb2f9648cf33de98,559a091979654848933e877630b4c1f1,2024-11-03 01:44:27.766148+00
1375dbbf65d05bf8,5a1d3bdcc70a4606bbefe0719dfb30f7,2024-10-17 00:09:40.91038+00
6c1b878e4e4770b9,3ddd8f3563914d65bbe31256557452c5,2024-10-24 16:57:07.352056+00
d688b4875371f20c,4fe18c33551f450d8bc80b98568529a8,2024-10-26 19:05:39.522116+00
b1bcfa832c3815f9,c86e4527bc104abab84119094f5fcb72,2024-10-20 18:52:09.956479+00
d294514f96e92f35,5a3d0176deb84c7ca927668f6d0d4864,2024-11-08 02:04:47.234015+00
3f2716bde1f561c7,ddf09d0802564825881b6a33bb94dac9,2024-10-18 03:09:02.883948+00
4a32e49d943f6914,c1eba01a4d734930a2d75a1935bc1691,2024-10-22 04:46:00.651842+00
53cd04c3d15dbb1c,d05874466e5c44b5be80c1eb73ec1b46,2024-10-22 17:33:44.358024+00
51f93f31a3cb4bcf,2a2746b167f44874b69fe4153e8c5087,2024-10-30 14:09:57.386785+00
9fda80aa84ceb3d1,8ce5d665220d4a57b8a3a54d3fec2c0e,2024-10-21 18:01:23.591156+00
8706cc82b73a1eed,4fca3bd722194ed997b16aad604e2276,2024-10-26 04:50:27.02925+00
388a1e42d506b16d,3cecacabdc5a4dad91f03f004f7e7180,2024-11-06 00:01:33.781548+00
466d39cfe31d51a4,399dd94681234765b36c18a9c1366fd3,2024-11-02 15:05:57.187144+00
f25c1a6b3dcf2c9c,2d8d552c7fc84ec08ed2957fc4c21f20,2024-10-10 22:46:50.523335+00
9f7136aab31c94ea,2af2c831782e4bb089b7c65ad1b9b741,2024-10-30 08:23:14.741173+00
a43598acc20dbfcb,1680e43f219a4624b661718622c49649,2024-10-10 12:43:17.45604+00
c87ecc64a7de466f,a0a2787ff4d54db1afd986c2af7367cf,2024-11-07 11:12:48.732176+00
378d34bd15686eb1,a8791e2efeb6457eb69ea1c432da0241,2024-10-10 23:01:55.757707+00
9c85cc34763fe1df,14bae79af328494d8b52eaba8db0be83,2024-10-12 14:26:58.641569+00
a0e4f34a5bf2cac5,452bb20b07a44da7b408cd3a2a9230e2,2024-10-21 12:34:19.692871+00
3b018d9d1c89a693,ecc06786416942698abb3cfcb62af460,2024-10-31 20:57:04.805892+00
0ce93719710dea1a,495b51091e604d9c81137347fe41d876,2024-10-20 09:43:28.429262+00
4f43a4ccafad6c20,969cd57d4eb94b9294bd317a3d6969dc,2024-11-07 13:56:52.024852+00
1ea4d6ea3800d2f0,4f89744bfe844826b06a1ac03f889d16,2024-11-01 19:57:03.045081+00
d46eb9484adeff7e,b2741f83842642d0ad9dd6062646ae67,2024-11-04 18:54:29.469349+00
efc06833b62499a1,f068a77f6f9d48c68afa770013548b96,2024-10-21 12:12:06.59214+00
39c204d2eb82ee25,2cd14cab05a040c9a4929a39f1a81dc3,2024-10-17 17:50:31.23993+00
5d31aa140ef61569,7a419a50ed7c4736a2847d991bbfb9e4,2024-10-19 17:23:32.806464+00
37acc7fe4ce00585,0ff906a9c9ac4fc8b8591c36234afe1f,2024-10-18 13:39:34.130513+00
6bfe6135c51826c1,026a2c07edc44fba8257f490b07c6ba2,2024-10-10 23:09:12.737179+00
489e96ad0d3fa8cb,85a2516ca4864da686a4b9abe981ab11,2024-11-05 19:32:13.736403+00
84f8aba4a5613cc1,ce42853108df41d0a5ff52afb73fb000,2024-10-11 15:15:33.640773+00
b09dbdb84d0bccbc,97ccab01f37244be8255b6a5ae7dc710,2024-10-25 23:17:28.038766+00
19e2a90c315944ea,73b88ec3e0bf49b4a02964d4c59b5dd8,2024-10-23 14:36:30.239299+00
0394a940950ada78,4266b1b5d79d482da6a7e9ed493798a8,2024-10-21 10:30:51.61783+00
31cbc7e698428283,708f8ef6ffe14b3a954bfc3ef94ee425,2024-10-17 17:37:49.904722+00
048b6b02a943cd6a,879bb95f21d941d6ac1b584248ea61ec,2024-10-12 07:36:02.088837+00
e5110e93f325d025,bdaea7c920e24d5a934202fa3f2ee4df,2024-10-21 19:01:01.841206+00
ddae1c90443410fe,342627ee99254b0cbfd7b5cf11cbd9a1,2024-10-28 12:18:34.227833+00
f22c09216b42523a,c5221ad6f1354e6587d4981edc49bc18,2024-11-06 09:44:14.498364+00
a80fe6e8fc171904,0c12b948fb61496bb6253c38dfabee97,2024-10-19 06:34:05.611581+00
8d805c1914c834b9,8d285b3d0054450e8c3c27c9797b1aa7,2024-10-12 23:40:23.271341+00
b6df21b1c30f59b4,6c1caa55854843bbb0048e5502b1bc82,2024-10-12 05:49:54.288193+00
f245b05d599f8f10,6859f1f364c7413d997cc02f52be2aa7,2024-11-09 02:22:14.705134+00
f8bad08a2fc4bfa9,67a53b9a0b004d6482ffac3af29032bf,2024-11-09 00:56:36.139876+00
f85abe6620537ae1,0bc63a4dab7e4736b0720cd2d60d2bad,2024-10-17 10:41:35.429015+00
674e884f7c2f29f6,b6cac90882244a51a86a662de8dabf6e,2024-10-13 11:01:20.058619+00
d6f8a2eca7b88eeb,ce78c1bf8cd648849a31365b014e35e0,2024-10-10 19:48:20.006616+00
1a67cf3dc9f1c514,a487e05fb5ae481a980ee2aee071d414,2024-11-04 04:45:25.902138+00
b32d578798b35947,c0b73d8c74b14a928ef7e9240615c290,2024-10-26 04:08:14.059174+00
9a66deb80d11cc9f,5fd2c7da74114e819ba7274f350a8839,2024-10-14 07:08:13.098295+00
5ea4f4da381bc14c,dfcaf7a8109d40b1bdecaa09ca05176c,2024-11-08 15:57:40.43156+00
c5bd8b0d818c3341,58ef8435a93343e69e3ece345c2bdde1,2024-10-19 11:35:01.804395+00
87a986c7f838c9a6,76878caaf8c047b78f43e5b0739e964a,2024-10-19 10:24:26.76777+00
4c0101c5939ff0c9,4b3700f7681443d7961d56198d534ffe,2024-11-02 22:38:37.816915+00
c906427420629bcc,348175439f4a45f39d04c923208130eb,2024-10-13 12:13:11.835046+00
71060f65411c70a4,acc547297e8543c2bcac173007da5462,2024-10-17 09:32:25.576422+00
1956148382e0256b,ba46b2845ccd4f2f8755b4be51e2c86b,2024-10-21 07:23:20.898129+00
cc65dfc62e1cec46,6b5c5a9f9161427a9ad95a9d86a429e7,2024-10-20 03:32:28.39535+00
7dd5af7a281e5ba2,0ee7e5a9e2444c1d992596cc7bcda561,2024-10-17 08:36:38.632119+00
2f0916bf8363d5c8,53e093e82d6a429e898fe8be8aa85a65,2024-11-06 09:12:32.862478+00
9ff8b4bbfabae24b,757249b42efa4dea97db5afe0ec0d008,2024-11-06 23:13:07.421923+00
9357409332a8b3d5,6a6ebb91844b4d2c8010af3266954d80,2024-11-02 05:36:26.602925+00
6b02d8a265045312,bbece5ed55fc40eb8d370ab6a370eafb,2024-10-15 02:35:32.267658+00
623a562ee63b4d71,1e5ce445d5924afa80410005c21d62db,2024-10-17 09:52:12.05423+00
58f3f175407c8ffe,5737bc4e4dc34787a3fc18e0a73c7a4f,2024-10-20 15:48:35.104554+00
410f633a024bc65f,6e9e5c0933b04a6798fffdd5c52ab62d,2024-11-01 16:30:02.851535+00
c26c01c38467db19,fbb99264c5dc437da56066cf502a2b17,2024-10-24 13:21:37.270776+00
1fcd584dec4e7c07,d7a173a0ac7a43379ced277758e85681,2024-10-21 23:22:06.970389+00
0d07db64b7f74b88,9f60bd544d3045769a182278b0ddf31d,2024-10-19 10:35:22.502685+00
6ef300101f8d863a,988c080f59764bb4a02305ad821400c9,2024-11-04 08:32:33.861068+00
1024ca9683fb382d,d25ab2626ca54c5ab06dee6dfed6559b,2024-11-07 16:17:01.649903+00
ac0c294ea9026958,71b3f5a957204a6985f9d9133de137f6,2024-10-10 21:58:52.46834+00
38ffa608e900e3a5,16d88d0f82e34f7da761dfab382c8d6a,2024-11-06 02:39:11.57904+00
e865a5c8e35fae1c,4368a83cd1574b28b866386e36418eee,2024-10-24 22:27:46.976877+00
cdcb1a295b544d08,0bb95e7711a849789e61167516f101f5,2024-10-14 22:58:12.721944+00
91a74c1e21fe8c76,0b6fed87f3f84d96874b33d3457d8214,2024-10-20 04:41:14.850824+00
088c96807cf45e3b,654d1c36c5214db4b1e6b39e23580e43,2024-11-08 03:13:11.608788+00
683f0a4d209b4462,44eb6f069bff4928a26ec4b7f85c9ef1,2024-11-06 22:46:03.122674+00
1c7c4a789737441b,223f024faca54946b9324d3e3e7d717b,2024-10-20 05:31:26.851911+00
392388e7a4d73950,b5748178b73f4683a423693c95f2bfd6,2024-10-23 05:52:48.952972+00
5fd642102f262e6f,82f08de01d504b36a7b6e851d61dedbd,2024-10-21 01:27:59.529968+00
f8e044181ded06bc,d544b6048f8a4157b2bc35e1eb932938,2024-10-15 00:33:10.77853+00
a75b400c6af9a677,d74885583e864126985854c2bc19b1ac,2024-10-12 08:36:04.836741+00
c77bf1ea9fed2d47,1822bc182bba4b35ab988f29a4361608,2024-10-27 01:56:36.596305+00
1e8a30b6d3ee1be0,3d46b58b2b984088b0a0ebf2e64645c7,2024-10-30 20:20:58.731422+00
90d7135b869d453a,7aaef41bb65f4f5c8a6fc10dc259df5e,2024-11-05 06:22:56.038144+00
2d8c97baddf5292c,03fda3726a2b482daaca2c9457ffe61c,2024-10-23 09:27:36.617944+00
c1579f74a78cc6cd,853a4352732f4c669927ec59449c7a0b,2024-11-04 10:21:05.858667+00
fead1d512eb6c746,0e33660d77294c36b4736a395a5e5502,2024-10-27 05:00:01.559803+00
